,naming_orig,RMSE,RMSSE,SMAPE,CM
0,danish_atm_daily_84,CatBoostAutoRegressivePipelineEtna_horizonlags_gl,CatBoostAutoRegressivePipelineEtna_horizonlags_gl,TFTTuningObjective_gl,CatBoostAutoRegressivePipelineEtna_horizonlags_gl
1,danish_atm_daily_25,TFTTuningObjective_gl,TFTTuningObjective_gl,TFTTuningObjective_gl,TFTTuningObjective_gl
2,danish_atm_daily_6,TFTTuningObjective_gl,TFTTuningObjective_gl,TFTTuningObjective_gl,TFTTuningObjective_gl
3,danish_atm_daily_10,TFTTuningObjective_gl,TFTTuningObjective_gl,TFTTuningObjective_gl,TFTTuningObjective_gl
4,danish_atm_daily_87,ARIMAEtna,ARIMAEtna,ARIMAEtna,BaselineMean
5,danish_atm_daily_16,TFTTuningObjective_gl,TFTTuningObjective_gl,TFTTuningObjective_gl,TFTTuningObjective_gl
6,danish_atm_daily_73,LightAutoML_mult_gl,LightAutoML_mult_gl,LightAutoML_mult_gl,BaselineMean
7,danish_atm_daily_43,LightAutoML_mult_gl,LightAutoML_mult_gl,LightAutoML_mult_gl,BaselineMean
8,danish_atm_daily_83,TFTTuningObjective_gl,TFTTuningObjective_gl,TFTTuningObjective_gl,TFTTuningObjective_gl
9,danish_atm_daily_18,TFTTuningObjective_gl,TFTTuningObjective_gl,TFTTuningObjective_gl,TFTTuningObjective_gl
10,danish_atm_daily_80,LightAutoML,LightAutoML,LightAutoML,OLS
11,danish_atm_daily_28,TFTTuningObjective_gl,TFTTuningObjective_gl,TFTTuningObjective_gl,TFTTuningObjective_gl
12,danish_atm_daily_71,TFTTuningObjective_gl,TFTTuningObjective_gl,TFTTuningObjective_gl,ARIMAEtna
13,danish_atm_daily_64,TFTTuningObjective_gl,TFTTuningObjective_gl,TFTTuningObjective_gl,TFTTuningObjective_gl
14,danish_atm_daily_48,NeuralProphet,NeuralProphet,CatBoostDirectPipelineEtna_horizonlags_gl,Prophet
15,danish_atm_daily_15,TFTTuningObjective_gl,TFTTuningObjective_gl,TFTTuningObjective_gl,TFTTuningObjective_gl
16,danish_atm_daily_98,Prophet,Prophet,TFTTuningObjective_gl,CatBoostDirectPipelineEtna_horizonlags
17,danish_atm_daily_77,TFTTuningObjective_gl,TFTTuningObjective_gl,TFTTuningObjective_gl,TFTTuningObjective_gl
18,danish_atm_daily_79,LSTNetTuningObjective_gl,LSTNetTuningObjective_gl,LSTNetTuningObjective_gl,BaselineMean
19,danish_atm_daily_97,Prophet,Prophet,BaselineMean,BaselineMean
20,danish_atm_daily_100,CatBoostAutoRegressivePipelineEtna_horizonlags_gl,CatBoostAutoRegressivePipelineEtna_horizonlags_gl,TFTTuningObjective_gl,Prophet
21,danish_atm_daily_92,Prophet,Prophet,LightAutoML_mult_gl,Prophet
22,danish_atm_daily_82,Prophet,Prophet,Prophet,Prophet
23,danish_atm_daily_12,TFTTuningObjective_gl,TFTTuningObjective_gl,TFTTuningObjective_gl,TFTTuningObjective_gl
24,danish_atm_daily_89,LightAutoML,LightAutoML,LightAutoML,CatBoostDirectPipelineEtna_30lags
25,danish_atm_daily_58,LightAutoML_mult_gl,LightAutoML_mult_gl,Prophet,LightAutoML_mult_gl
26,danish_atm_daily_99,Prophet,Prophet,TFTTuningObjective_gl,Prophet
27,danish_atm_daily_105,LightAutoML,LightAutoML,TFTTuningObjective_gl,CatBoostDirectPipelineEtna_horizonlags
28,danish_atm_daily_59,TFTTuningObjective_gl,TFTTuningObjective_gl,TFTTuningObjective_gl,TFTTuningObjective_gl
29,danish_atm_daily_62,LightAutoML_mult_gl,LightAutoML_mult_gl,TFTTuningObjective_gl,LightAutoML_mult_gl
30,danish_atm_daily_35,TFTTuningObjective_gl,TFTTuningObjective_gl,TFTTuningObjective_gl,TFTTuningObjective_gl
31,danish_atm_daily_47,TFTTuningObjective_gl,TFTTuningObjective_gl,TFTTuningObjective_gl,TFTTuningObjective_gl
32,danish_atm_daily_94,CatBoostDirectPipelineEtna_horizonlags,CatBoostDirectPipelineEtna_horizonlags,Prophet,CatBoostDirectPipelineEtna_horizonlags
33,danish_atm_daily_108,TFTTuningObjective_gl,TFTTuningObjective_gl,TFTTuningObjective_gl,BaselineMean
34,danish_atm_daily_20,TFTTuningObjective_gl,TFTTuningObjective_gl,TFTTuningObjective_gl,TFTTuningObjective_gl
35,danish_atm_daily_90,Prophet,Prophet,CatBoostAutoRegressivePipelineEtna_horizonlags_gl,Prophet
36,danish_atm_daily_70,TFTTuningObjective_gl,TFTTuningObjective_gl,TFTTuningObjective_gl,TFTTuningObjective_gl
37,danish_atm_daily_23,TFTTuningObjective_gl,TFTTuningObjective_gl,TFTTuningObjective_gl,TFTTuningObjective_gl
38,danish_atm_daily_86,ARIMAEtna,ARIMAEtna,ARIMAEtna,ARIMAEtna
39,danish_atm_daily_85,LightAutoML_mult_gl,LightAutoML_mult_gl,LightAutoML_mult_gl,BaselineMean
40,danish_atm_daily_2,Prophet,Prophet,Prophet,OLS
41,danish_atm_daily_31,TFTTuningObjective_gl,TFTTuningObjective_gl,LightAutoML_mult_gl,BaselineMean
42,danish_atm_daily_104,CatBoostDirectPipelineEtna_horizonlags,CatBoostDirectPipelineEtna_horizonlags,LightAutoML_mult_gl,Prophet
43,danish_atm_daily_1,LightAutoML,LightAutoML,LightAutoML,OLS
44,danish_atm_daily_37,TFTTuningObjective_gl,TFTTuningObjective_gl,TFTTuningObjective_gl,TFTTuningObjective_gl
45,danish_atm_daily_50,LightAutoML_mult_gl,LightAutoML_mult_gl,LightAutoML_mult_gl,LightAutoML_mult_gl
46,danish_atm_daily_66,TFTTuningObjective_gl,TFTTuningObjective_gl,TFTTuningObjective_gl,TFTTuningObjective_gl
47,danish_atm_daily_44,NeuralProphet,NeuralProphet,Prophet,BaselineMean
48,danish_atm_daily_45,TFTTuningObjective_gl,TFTTuningObjective_gl,TFTTuningObjective_gl,TFTTuningObjective_gl
49,danish_atm_daily_29,TFTTuningObjective_gl,TFTTuningObjective_gl,TFTTuningObjective_gl,TFTTuningObjective_gl
50,danish_atm_daily_27,LightAutoML_mult_gl,LightAutoML_mult_gl,TFTTuningObjective_gl,LightAutoML_mult_gl
51,danish_atm_daily_7,TFTTuningObjective_gl,TFTTuningObjective_gl,TFTTuningObjective_gl,TFTTuningObjective_gl
52,danish_atm_daily_17,TFTTuningObjective_gl,TFTTuningObjective_gl,TFTTuningObjective_gl,TFTTuningObjective_gl
53,danish_atm_daily_9,TFTTuningObjective_gl,TFTTuningObjective_gl,TFTTuningObjective_gl,TFTTuningObjective_gl
54,danish_atm_daily_61,LightAutoML_mult_gl,LightAutoML_mult_gl,LightAutoML_mult_gl,LightAutoML_mult_gl
55,danish_atm_daily_8,NeuralProphet,NeuralProphet,CatBoostDirectPipelineEtna_horizonlags_gl,NeuralProphet
56,danish_atm_daily_46,TFTTuningObjective_gl,TFTTuningObjective_gl,TFTTuningObjective_gl,OLS
57,danish_atm_daily_19,CatBoostDirectPipelineEtna_horizonlags,CatBoostDirectPipelineEtna_horizonlags,LightAutoML_mult_gl,CatBoostDirectPipelineEtna_horizonlags
58,danish_atm_daily_88,Prophet,Prophet,ARIMAEtna,Prophet
59,danish_atm_daily_72,TFTTuningObjective_gl,TFTTuningObjective_gl,TFTTuningObjective_gl,TFTTuningObjective_gl
60,danish_atm_daily_41,TFTTuningObjective_gl,TFTTuningObjective_gl,TFTTuningObjective_gl,Prophet
61,danish_atm_daily_91,CatBoostDirectPipelineEtna_horizonlags,CatBoostDirectPipelineEtna_horizonlags,Prophet,CatBoostDirectPipelineEtna_30lags
62,danish_atm_daily_30,TFTTuningObjective_gl,TFTTuningObjective_gl,TFTTuningObjective_gl,TFTTuningObjective_gl
63,danish_atm_daily_38,NeuralProphet,NeuralProphet,NeuralProphet,OLS
64,danish_atm_daily_0,TFTTuningObjective_gl,TFTTuningObjective_gl,LightAutoML_mult_gl,OLS
65,danish_atm_daily_81,TFTTuningObjective_gl,TFTTuningObjective_gl,TFTTuningObjective_gl,Prophet
66,danish_atm_daily_57,TFTTuningObjective_gl,TFTTuningObjective_gl,TFTTuningObjective_gl,TFTTuningObjective_gl
67,danish_atm_daily_76,LightAutoML,LightAutoML,LightAutoML,BaselineMean
68,danish_atm_daily_42,TFTTuningObjective_gl,TFTTuningObjective_gl,CatBoostAutoRegressivePipelineEtna_horizonlags_gl,TFTTuningObjective_gl
69,danish_atm_daily_33,TFTTuningObjective_gl,TFTTuningObjective_gl,TFTTuningObjective_gl,TFTTuningObjective_gl
70,danish_atm_daily_39,TFTTuningObjective_gl,TFTTuningObjective_gl,TFTTuningObjective_gl,TFTTuningObjective_gl
71,danish_atm_daily_103,NeuralProphet,NeuralProphet,Prophet,CatBoostDirectPipelineEtna_horizonlags
72,danish_atm_daily_74,LightAutoML_mult_gl,LightAutoML_mult_gl,LightAutoML_mult_gl,Prophet
73,danish_atm_daily_36,TFTTuningObjective_gl,TFTTuningObjective_gl,TFTTuningObjective_gl,TFTTuningObjective_gl
74,danish_atm_daily_68,TFTTuningObjective_gl,TFTTuningObjective_gl,TFTTuningObjective_gl,BaselineMean
75,danish_atm_daily_95,DeepARTuningObjective_gl,DeepARTuningObjective_gl,TFTTuningObjective_gl,BaselineMean
76,danish_atm_daily_4,TFTTuningObjective_gl,TFTTuningObjective_gl,TFTTuningObjective_gl,BaselineMean
77,danish_atm_daily_96,NeuralProphet,NeuralProphet,ARIMAEtna,CatBoostDirectPipelineEtna_30lags
78,danish_atm_daily_5,TFTTuningObjective_gl,TFTTuningObjective_gl,TFTTuningObjective_gl,CatBoostDirectPipelineEtna_horizonlags
79,danish_atm_daily_22,CatBoostDirectPipelineEtna_horizonlags_gl,CatBoostDirectPipelineEtna_horizonlags_gl,CatBoostDirectPipelineEtna_horizonlags_gl,Prophet
80,danish_atm_daily_106,LightAutoML,LightAutoML,NeuralProphet,OLS
81,danish_atm_daily_26,TFTTuningObjective_gl,TFTTuningObjective_gl,CatBoostDirectPipelineEtna_horizonlags,CatBoostDirectPipelineEtna_30lags
82,danish_atm_daily_56,TFTTuningObjective_gl,TFTTuningObjective_gl,TFTTuningObjective_gl,TFTTuningObjective_gl
83,danish_atm_daily_107,LightAutoML_mult_gl,Prophet,LightAutoML_mult_gl,OLS
84,danish_atm_daily_53,TFTTuningObjective_gl,TFTTuningObjective_gl,TFTTuningObjective_gl,CatBoostDirectPipelineEtna_3lags
85,danish_atm_daily_11,TFTTuningObjective_gl,TFTTuningObjective_gl,TFTTuningObjective_gl,TFTTuningObjective_gl
86,danish_atm_daily_65,LightAutoML_mult_gl,LightAutoML_mult_gl,LSTNetTuningObjective_gl,Prophet
87,danish_atm_daily_102,TFTTuningObjective_gl,TFTTuningObjective_gl,TFTTuningObjective_gl,TFTTuningObjective_gl
88,danish_atm_daily_34,TFTTuningObjective_gl,TFTTuningObjective_gl,TFTTuningObjective_gl,TFTTuningObjective_gl
89,danish_atm_daily_13,LightAutoML,LightAutoML,LightAutoML,BaselineMean
90,danish_atm_daily_67,TFTTuningObjective_gl,TFTTuningObjective_gl,TFTTuningObjective_gl,TFTTuningObjective_gl
91,danish_atm_daily_55,TFTTuningObjective_gl,TFTTuningObjective_gl,LightAutoML_mult_gl,TFTTuningObjective_gl
92,danish_atm_daily_52,TFTTuningObjective_gl,TFTTuningObjective_gl,TFTTuningObjective_gl,TFTTuningObjective_gl
93,danish_atm_daily_93,CatBoostDirectPipelineEtna_horizonlags,CatBoostDirectPipelineEtna_horizonlags,NeuralProphet,CatBoostDirectPipelineEtna_horizonlags
94,danish_atm_daily_14,TFTTuningObjective_gl,TFTTuningObjective_gl,TFTTuningObjective_gl,TFTTuningObjective_gl
95,danish_atm_daily_3,TFTTuningObjective_gl,TFTTuningObjective_gl,LightAutoML_mult_gl,TFTTuningObjective_gl
96,danish_atm_daily_63,TFTTuningObjective_gl,TFTTuningObjective_gl,CatBoostAutoRegressivePipelineEtna_horizonlags_gl,TFTTuningObjective_gl
97,danish_atm_daily_24,TFTTuningObjective_gl,TFTTuningObjective_gl,TFTTuningObjective_gl,TFTTuningObjective_gl
98,danish_atm_daily_54,CatBoostDirectPipelineEtna_horizonlags_gl,CatBoostDirectPipelineEtna_horizonlags_gl,CatBoostDirectPipelineEtna_horizonlags_gl,CatBoostDirectPipelineEtna_horizonlags_gl
99,danish_atm_daily_49,TFTTuningObjective_gl,TFTTuningObjective_gl,TFTTuningObjective_gl,TFTTuningObjective_gl
100,danish_atm_daily_32,TFTTuningObjective_gl,TFTTuningObjective_gl,TFTTuningObjective_gl,TFTTuningObjective_gl
101,danish_atm_daily_21,TFTTuningObjective_gl,TFTTuningObjective_gl,TFTTuningObjective_gl,TFTTuningObjective_gl
102,danish_atm_daily_75,LSTNetTuningObjective_gl,LSTNetTuningObjective_gl,ARIMAEtna,ARIMAEtna
103,danish_atm_daily_78,TFTTuningObjective_gl,TFTTuningObjective_gl,TFTTuningObjective_gl,TFTTuningObjective_gl
104,danish_atm_daily_40,TFTTuningObjective_gl,TFTTuningObjective_gl,TFTTuningObjective_gl,TFTTuningObjective_gl
105,danish_atm_daily_69,TFTTuningObjective_gl,TFTTuningObjective_gl,TFTTuningObjective_gl,TFTTuningObjective_gl
106,danish_atm_daily_60,TFTTuningObjective_gl,TFTTuningObjective_gl,TFTTuningObjective_gl,TFTTuningObjective_gl
107,danish_atm_daily_101,CatBoostDirectPipelineEtna_horizonlags,CatBoostDirectPipelineEtna_horizonlags,CatBoostDirectPipelineEtna_horizonlags,BaselineMean
108,danish_atm_daily_51,LightAutoML_mult_gl,LightAutoML_mult_gl,TFTTuningObjective_gl,Prophet
109,danish_atm_daily_109,CatBoostAutoRegressivePipelineEtna_horizonlags_gl,Prophet,CatBoostAutoRegressivePipelineEtna_horizonlags_gl,Prophet
110,mipt_alpha_177,LightAutoML_mult_gl,LightAutoML_mult_gl,Prophet,OLS
111,mipt_alpha_317,CatBoostAutoRegressivePipelineEtna_horizonlags_gl,CatBoostAutoRegressivePipelineEtna_horizonlags_gl,TFTTuningObjective_gl,OLS
112,mipt_alpha_243,LightAutoML,LightAutoML,CatBoostDirectPipelineEtna_horizonlags,OLS
113,mipt_alpha_176,Prophet,Prophet,Prophet,BaselineMean
114,mipt_alpha_233,LightAutoML,LightAutoML,CatBoostDirectPipelineEtna_horizonlags_gl,Prophet
115,mipt_alpha_259,CatBoostDirectPipelineEtna_horizonlags_gl,CatBoostDirectPipelineEtna_horizonlags_gl,LSTNetTuningObjective_gl,OLS
116,mipt_alpha_559,CatBoostAutoRegressivePipelineEtna_horizonlags_gl,CatBoostAutoRegressivePipelineEtna_horizonlags_gl,CatBoostAutoRegressivePipelineEtna_horizonlags_gl,OLS
117,mipt_alpha_58,CatBoostAutoRegressivePipelineEtna_horizonlags,CatBoostAutoRegressivePipelineEtna_horizonlags,CatBoostAutoRegressivePipelineEtna_horizonlags,Prophet
118,mipt_alpha_470,DeepARTuningObjective_gl,DeepARTuningObjective_gl,CatBoostAutoRegressivePipelineEtna_horizonlags_gl,BaselineMean
119,mipt_alpha_191,NeuralProphet,NeuralProphet,NeuralProphet,BaselineMean
120,mipt_alpha_218,Prophet,Prophet,LightAutoML,OLS
121,mipt_alpha_466,TFTTuningObjective_gl,TFTTuningObjective_gl,Prophet,BaselineMean
122,mipt_alpha_213,LightAutoML_mult_gl,LightAutoML_mult_gl,TFTTuningObjective_gl,OLS
123,mipt_alpha_182,LightAutoML_mult_gl,LightAutoML_mult_gl,LightAutoML_mult_gl,OLS
124,mipt_alpha_76,CatBoostAutoRegressivePipelineEtna_horizonlags_gl,CatBoostAutoRegressivePipelineEtna_horizonlags_gl,CatBoostDirectPipelineEtna_horizonlags,BaselineMean
125,mipt_alpha_514,CatBoostDirectPipelineEtna_horizonlags,CatBoostDirectPipelineEtna_horizonlags,Prophet,BaselineMean
126,mipt_alpha_54,LightAutoML_mult_gl,CatBoostAutoRegressivePipelineEtna_horizonlags,LightAutoML_mult_gl,BaselineMean
127,mipt_alpha_480,TFTTuningObjective_gl,TFTTuningObjective_gl,TFTTuningObjective_gl,OLS
128,mipt_alpha_107,TFTTuningObjective_gl,TFTTuningObjective_gl,TFTTuningObjective_gl,BaselineMean
129,mipt_alpha_134,CatBoostAutoRegressivePipelineEtna_3lags_gl,CatBoostAutoRegressivePipelineEtna_3lags_gl,LightAutoML_mult_gl,BaselineMean
130,mipt_alpha_491,CatBoostAutoRegressivePipelineEtna_3lags,CatBoostAutoRegressivePipelineEtna_3lags,CatBoostAutoRegressivePipelineEtna_3lags_gl,BaselineMean
131,mipt_alpha_127,LightAutoML,LightAutoML,CatBoostAutoRegressivePipelineEtna_3lags_gl,LightAutoML
132,mipt_alpha_390,TFTTuningObjective_gl,TFTTuningObjective_gl,CatBoostAutoRegressivePipelineEtna_horizonlags_gl,Prophet
133,mipt_alpha_112,LightAutoML,LightAutoML,BaselineMean,BaselineMean
134,mipt_alpha_56,CatBoostAutoRegressivePipelineEtna_horizonlags_gl,CatBoostAutoRegressivePipelineEtna_horizonlags_gl,CatBoostAutoRegressivePipelineEtna_horizonlags_gl,OLS
135,mipt_alpha_644,Prophet,Prophet,LightAutoML_mult_gl,BaselineMean
136,mipt_alpha_184,ARIMAEtna,ARIMAEtna,LightAutoML_mult_gl,ARIMAEtna
137,mipt_alpha_263,LightAutoML_mult_gl,LightAutoML_mult_gl,LightAutoML_mult_gl,OLS
138,mipt_alpha_62,CatBoostDirectPipelineEtna_horizonlags_gl,CatBoostDirectPipelineEtna_horizonlags_gl,DeepARTuningObjective_gl,Prophet
139,mipt_alpha_286,CatBoostDirectPipelineEtna_horizonlags_gl,CatBoostDirectPipelineEtna_horizonlags_gl,CatBoostAutoRegressivePipelineEtna_horizonlags_gl,BaselineMean
140,mipt_alpha_405,CatBoostAutoRegressivePipelineEtna_horizonlags,CatBoostAutoRegressivePipelineEtna_horizonlags,CatBoostDirectPipelineEtna_horizonlags,BaselineMean
141,mipt_alpha_311,LSTNetTuningObjective_gl,LSTNetTuningObjective_gl,TFTTuningObjective_gl,BaselineMean
142,mipt_alpha_129,LightAutoML_mult_gl,Prophet,LightAutoML_mult_gl,BaselineMean
143,mipt_alpha_95,LightAutoML,LightAutoML,CatBoostAutoRegressivePipelineEtna_horizonlags,Prophet
144,mipt_alpha_18,CatBoostDirectPipelineEtna_horizonlags,CatBoostDirectPipelineEtna_horizonlags,DeepARTuningObjective_gl,BaselineMean
145,mipt_alpha_497,LightAutoML,LightAutoML,Prophet,BaselineMean
146,mipt_alpha_78,CatBoostDirectPipelineEtna_horizonlags_gl,CatBoostDirectPipelineEtna_horizonlags_gl,CatBoostDirectPipelineEtna_horizonlags_gl,BaselineMean
147,mipt_alpha_425,DeepARTuningObjective_gl,DeepARTuningObjective_gl,DeepARTuningObjective_gl,Prophet
148,mipt_alpha_53,CatBoostDirectPipelineEtna_horizonlags_gl,CatBoostDirectPipelineEtna_horizonlags_gl,CatBoostDirectPipelineEtna_horizonlags,BaselineMean
149,mipt_alpha_186,NeuralProphet,NeuralProphet,NeuralProphet,OLS
150,mipt_alpha_393,LSTNetTuningObjective_gl,LightAutoML,NeuralProphet_gl,BaselineMean
151,mipt_alpha_640,LightAutoML_mult_gl,Prophet,LightAutoML_mult_gl,OLS
152,mipt_alpha_483,LightAutoML,LightAutoML,CatBoostDirectPipelineEtna_horizonlags,BaselineMean
153,mipt_alpha_113,TFTTuningObjective_gl,TFTTuningObjective_gl,TFTTuningObjective_gl,BaselineMean
154,mipt_alpha_299,CatBoostAutoRegressivePipelineEtna_horizonlags,CatBoostAutoRegressivePipelineEtna_horizonlags,TFTTuningObjective_gl,OLS
155,mipt_alpha_225,CatBoostAutoRegressivePipelineEtna_horizonlags_gl,CatBoostAutoRegressivePipelineEtna_horizonlags_gl,CatBoostAutoRegressivePipelineEtna_horizonlags,BaselineMean
156,mipt_alpha_476,CatBoostAutoRegressivePipelineEtna_horizonlags_gl,CatBoostAutoRegressivePipelineEtna_horizonlags_gl,CatBoostAutoRegressivePipelineEtna_horizonlags,OLS
157,mipt_alpha_114,NeuralProphet,NeuralProphet,NeuralProphet,OLS
158,mipt_alpha_82,Prophet,Prophet,OLS,OLS
159,mipt_alpha_306,LightAutoML_mult_gl,CatBoostAutoRegressivePipelineEtna_horizonlags,TFTTuningObjective_gl,OLS
160,mipt_alpha_403,CatBoostDirectPipelineEtna_horizonlags,CatBoostDirectPipelineEtna_horizonlags,DeepARTuningObjective_gl,OLS
161,mipt_alpha_500,LightAutoML_mult_gl,LightAutoML_mult_gl,LightAutoML_mult_gl,OLS
162,mipt_alpha_358,LightAutoML_mult_gl,LightAutoML,LightAutoML_mult_gl,OLS
163,mipt_alpha_416,Prophet,Prophet,NeuralProphet,BaselineMean
164,mipt_alpha_380,DeepARTuningObjective_gl,BaselineMean,DeepARTuningObjective_gl,BaselineMean
165,mipt_alpha_415,CatBoostDirectPipelineEtna_horizonlags_gl,Prophet,Prophet,OLS
166,mipt_alpha_105,Prophet,Prophet,Prophet,OLS
167,mipt_alpha_128,CatBoostDirectPipelineEtna_horizonlags,CatBoostDirectPipelineEtna_horizonlags,DeepARTuningObjective_gl,CatBoostDirectPipelineEtna_horizonlags
168,mipt_alpha_313,LightAutoML_mult_gl,LightAutoML_mult_gl,CatBoostAutoRegressivePipelineEtna_horizonlags_gl,OLS
169,mipt_alpha_503,Prophet,Prophet,CatBoostDirectPipelineEtna_horizonlags_gl,OLS
170,mipt_alpha_330,TFTTuningObjective_gl,TFTTuningObjective_gl,TFTTuningObjective_gl,BaselineMean
171,mipt_alpha_205,TFTTuningObjective_gl,TFTTuningObjective_gl,TFTTuningObjective_gl,Prophet
172,mipt_alpha_70,LightAutoML,LightAutoML,LightAutoML_mult_gl,BaselineMean
173,mipt_alpha_456,DeepARTuningObjective_gl,DeepARTuningObjective_gl,LightAutoML_mult_gl,BaselineMean
174,mipt_alpha_528,DeepARTuningObjective_gl,DeepARTuningObjective_gl,DeepARTuningObjective_gl,BaselineMean
175,mipt_alpha_41,LightAutoML,LightAutoML,Prophet,BaselineMean
176,mipt_alpha_268,DeepARTuningObjective_gl,DeepARTuningObjective_gl,DeepARTuningObjective_gl,ARIMAEtna
177,mipt_alpha_219,DeepARTuningObjective_gl,DeepARTuningObjective_gl,NeuralProphet,OLS
178,mipt_alpha_208,ARIMAEtna,ARIMAEtna,LightAutoML,BaselineMean
179,mipt_alpha_487,CatBoostAutoRegressivePipelineEtna_horizonlags,CatBoostAutoRegressivePipelineEtna_horizonlags,Prophet,BaselineMean
180,mipt_alpha_490,CatBoostAutoRegressivePipelineEtna_3lags,CatBoostAutoRegressivePipelineEtna_3lags,ARIMAEtna,OLS
181,mipt_alpha_400,NeuralProphet,NeuralProphet,NeuralProphet,BaselineMean
182,mipt_alpha_110,TFTTuningObjective_gl,TFTTuningObjective_gl,CatBoostDirectPipelineEtna_horizonlags,OLS
183,mipt_alpha_637,TFTTuningObjective_gl,NeuralProphet,NeuralProphet,OLS
184,mipt_alpha_255,NeuralProphet,NeuralProphet,Prophet,BaselineMean
185,mipt_alpha_348,LSTNetTuningObjective_gl,LSTNetTuningObjective_gl,DeepARTuningObjective_gl,BaselineMean
186,mipt_alpha_529,CatBoostDirectPipelineEtna_horizonlags,CatBoostDirectPipelineEtna_horizonlags,ARIMAEtna,OLS
187,mipt_alpha_367,CatBoostAutoRegressivePipelineEtna_horizonlags_gl,CatBoostAutoRegressivePipelineEtna_horizonlags_gl,CatBoostAutoRegressivePipelineEtna_horizonlags,Prophet
188,mipt_alpha_189,CatBoostDirectPipelineEtna_3lags,CatBoostDirectPipelineEtna_3lags,LightAutoML,BaselineMean
189,mipt_alpha_0,TFTTuningObjective_gl,TFTTuningObjective_gl,TFTTuningObjective_gl,TFTTuningObjective_gl
190,mipt_alpha_23,Prophet,Prophet,Prophet,OLS
191,mipt_alpha_643,CatBoostAutoRegressivePipelineEtna_3lags_gl,BaselineMean,BaselineMean,BaselineMean
192,mipt_alpha_579,LightAutoML_mult_gl,LightAutoML_mult_gl,TFTTuningObjective_gl,Prophet
193,mipt_alpha_40,LightAutoML_mult_gl,LightAutoML_mult_gl,LightAutoML_mult_gl,OLS
194,mipt_alpha_479,LightAutoML_mult_gl,LightAutoML_mult_gl,LSTNetTuningObjective_gl,OLS
195,mipt_alpha_570,Prophet,Prophet,LightAutoML_mult_gl,OLS
196,mipt_alpha_329,NeuralProphet,NeuralProphet,NeuralProphet,Prophet
197,mipt_alpha_448,LSTNetTuningObjective_gl,LSTNetTuningObjective_gl,CatBoostDirectPipelineEtna_horizonlags_gl,BaselineMean
198,mipt_alpha_178,TFTTuningObjective_gl,TFTTuningObjective_gl,TFTTuningObjective_gl,OLS
199,mipt_alpha_406,LightAutoML_mult_gl,CatBoostDirectPipelineEtna_horizonlags,DeepARTuningObjective_gl,BaselineMean
200,mipt_alpha_629,CatBoostAutoRegressivePipelineEtna_horizonlags,CatBoostAutoRegressivePipelineEtna_horizonlags,CatBoostDirectPipelineEtna_horizonlags,OLS
201,mipt_alpha_227,TFTTuningObjective_gl,TFTTuningObjective_gl,TFTTuningObjective_gl,OLS
202,mipt_alpha_169,LightAutoML_mult_gl,LightAutoML_mult_gl,CatBoostDirectPipelineEtna_horizonlags,BaselineMean
203,mipt_alpha_165,DeepARTuningObjective_gl,DeepARTuningObjective_gl,DeepARTuningObjective_gl,BaselineMean
204,mipt_alpha_200,CatBoostDirectPipelineEtna_horizonlags,CatBoostDirectPipelineEtna_horizonlags,DeepARTuningObjective_gl,BaselineMean
205,mipt_alpha_279,LightAutoML_mult_gl,Prophet,TFTTuningObjective_gl,OLS
206,mipt_alpha_236,NeuralProphet,NeuralProphet,NeuralProphet,Prophet
207,mipt_alpha_229,TFTTuningObjective_gl,TFTTuningObjective_gl,TFTTuningObjective_gl,Prophet
208,mipt_alpha_596,NeuralProphet_gl,LightAutoML,NeuralProphet_gl,BaselineMean
209,mipt_alpha_381,CatBoostDirectPipelineEtna_horizonlags_gl,CatBoostDirectPipelineEtna_horizonlags_gl,CatBoostDirectPipelineEtna_horizonlags_gl,BaselineMean
210,mipt_alpha_19,CatBoostAutoRegressivePipelineEtna_horizonlags_gl,CatBoostAutoRegressivePipelineEtna_horizonlags_gl,CatBoostAutoRegressivePipelineEtna_horizonlags_gl,OLS
211,mipt_alpha_98,LightAutoML_mult_gl,LightAutoML_mult_gl,TFTTuningObjective_gl,OLS
212,mipt_alpha_473,Prophet,Prophet,NeuralProphet,OLS
213,mipt_alpha_149,LightAutoML_mult_gl,LightAutoML_mult_gl,TFTTuningObjective_gl,OLS
214,mipt_alpha_293,CatBoostAutoRegressivePipelineEtna_horizonlags,CatBoostAutoRegressivePipelineEtna_horizonlags,NeuralProphet,BaselineMean
215,mipt_alpha_93,LSTNetTuningObjective_gl,LSTNetTuningObjective_gl,LSTNetTuningObjective_gl,OLS
216,mipt_alpha_379,TFTTuningObjective_gl,NeuralProphet,TFTTuningObjective_gl,OLS
217,mipt_alpha_238,CatBoostAutoRegressivePipelineEtna_horizonlags,CatBoostAutoRegressivePipelineEtna_horizonlags,TFTTuningObjective_gl,BaselineMean
218,mipt_alpha_474,CatBoostAutoRegressivePipelineEtna_horizonlags,CatBoostAutoRegressivePipelineEtna_horizonlags,NeuralProphet,OLS
219,mipt_alpha_171,LightAutoML_mult_gl,Prophet,LightAutoML_mult_gl,OLS
220,mipt_alpha_34,DeepARTuningObjective_gl,DeepARTuningObjective_gl,CatBoostDirectPipelineEtna_horizonlags_gl,BaselineMean
221,mipt_alpha_419,TFTTuningObjective_gl,TFTTuningObjective_gl,TFTTuningObjective_gl,BaselineMean
222,mipt_alpha_198,NeuralProphet_gl,NeuralProphet_gl,NeuralProphet,OLS
223,mipt_alpha_261,CatBoostDirectPipelineEtna_horizonlags_gl,CatBoostDirectPipelineEtna_horizonlags_gl,CatBoostDirectPipelineEtna_horizonlags_gl,BaselineMean
224,mipt_alpha_31,Prophet,Prophet,TFTTuningObjective_gl,BaselineMean
225,mipt_alpha_264,CatBoostAutoRegressivePipelineEtna_horizonlags_gl,CatBoostAutoRegressivePipelineEtna_horizonlags_gl,TFTTuningObjective_gl,OLS
226,mipt_alpha_258,CatBoostDirectPipelineEtna_horizonlags,CatBoostDirectPipelineEtna_horizonlags,CatBoostDirectPipelineEtna_horizonlags,BaselineMean
227,mipt_alpha_498,CatBoostAutoRegressivePipelineEtna_horizonlags,CatBoostAutoRegressivePipelineEtna_horizonlags,CatBoostAutoRegressivePipelineEtna_horizonlags,OLS
228,mipt_alpha_568,LSTNetTuningObjective_gl,LSTNetTuningObjective_gl,DeepARTuningObjective_gl,Prophet
229,mipt_alpha_94,CatBoostDirectPipelineEtna_horizonlags,CatBoostDirectPipelineEtna_horizonlags,CatBoostAutoRegressivePipelineEtna_3lags_gl,OLS
230,mipt_alpha_154,TFTTuningObjective_gl,TFTTuningObjective_gl,TFTTuningObjective_gl,ARIMAEtna
231,mipt_alpha_557,TFTTuningObjective_gl,TFTTuningObjective_gl,LSTNetTuningObjective_gl,BaselineMean
232,mipt_alpha_581,CatBoostDirectPipelineEtna_horizonlags_gl,CatBoostDirectPipelineEtna_horizonlags_gl,CatBoostDirectPipelineEtna_horizonlags_gl,BaselineMean
233,mipt_alpha_548,DeepARTuningObjective_gl,DeepARTuningObjective_gl,DeepARTuningObjective_gl,BaselineMean
234,mipt_alpha_122,CatBoostAutoRegressivePipelineEtna_horizonlags_gl,CatBoostAutoRegressivePipelineEtna_horizonlags_gl,Prophet,OLS
235,mipt_alpha_181,CatBoostAutoRegressivePipelineEtna_horizonlags,CatBoostAutoRegressivePipelineEtna_horizonlags,CatBoostAutoRegressivePipelineEtna_horizonlags,BaselineMean
236,mipt_alpha_472,LightAutoML_mult_gl,LightAutoML_mult_gl,TFTTuningObjective_gl,BaselineMean
237,mipt_alpha_319,TFTTuningObjective_gl,TFTTuningObjective_gl,TFTTuningObjective_gl,OLS
238,mipt_alpha_413,TFTTuningObjective_gl,CatBoostDirectPipelineEtna_horizonlags,TFTTuningObjective_gl,BaselineMean
239,mipt_alpha_75,NeuralProphet_gl,CatBoostAutoRegressivePipelineEtna_horizonlags,NeuralProphet_gl,OLS
240,mipt_alpha_91,CatBoostDirectPipelineEtna_horizonlags,CatBoostDirectPipelineEtna_horizonlags,CatBoostDirectPipelineEtna_horizonlags_gl,BaselineMean
241,mipt_alpha_434,LSTNetTuningObjective_gl,LSTNetTuningObjective_gl,LSTNetTuningObjective_gl,OLS
242,mipt_alpha_337,DeepARTuningObjective_gl,DeepARTuningObjective_gl,CatBoostAutoRegressivePipelineEtna_3lags_gl,BaselineMean
243,mipt_alpha_585,CatBoostAutoRegressivePipelineEtna_3lags_gl,CatBoostAutoRegressivePipelineEtna_3lags_gl,OLS,OLS
244,mipt_alpha_83,LightAutoML,LightAutoML,OLS,CatBoostDirectPipelineEtna_3lags
245,mipt_alpha_211,Prophet,Prophet,NeuralProphet,OLS
246,mipt_alpha_201,TFTTuningObjective_gl,TFTTuningObjective_gl,TFTTuningObjective_gl,OLS
247,mipt_alpha_292,LightAutoML_mult_gl,LightAutoML_mult_gl,LightAutoML_mult_gl,OLS
248,mipt_alpha_394,DeepARTuningObjective_gl,DeepARTuningObjective_gl,DeepARTuningObjective_gl,BaselineMean
249,mipt_alpha_520,NeuralProphet,NeuralProphet,TFTTuningObjective_gl,BaselineMean
250,mipt_alpha_540,NeuralProphet,NeuralProphet,DeepARTuningObjective_gl,BaselineMean
251,mipt_alpha_544,LightAutoML_mult_gl,LightAutoML_mult_gl,CatBoostDirectPipelineEtna_horizonlags,Prophet
252,mipt_alpha_453,Prophet,Prophet,Prophet,OLS
253,mipt_alpha_554,CatBoostAutoRegressivePipelineEtna_3lags,CatBoostAutoRegressivePipelineEtna_3lags,CatBoostAutoRegressivePipelineEtna_horizonlags,BaselineMean
254,mipt_alpha_519,CatBoostDirectPipelineEtna_horizonlags_gl,CatBoostDirectPipelineEtna_horizonlags_gl,CatBoostDirectPipelineEtna_horizonlags_gl,OLS
255,mipt_alpha_272,Prophet,Prophet,CatBoostDirectPipelineEtna_horizonlags,OLS
256,mipt_alpha_435,LSTNetTuningObjective_gl,LSTNetTuningObjective_gl,DeepARTuningObjective_gl,BaselineMean
257,mipt_alpha_132,CatBoostAutoRegressivePipelineEtna_3lags_gl,CatBoostAutoRegressivePipelineEtna_3lags_gl,CatBoostDirectPipelineEtna_horizonlags_gl,BaselineMean
258,mipt_alpha_446,Prophet,Prophet,TFTTuningObjective_gl,OLS
259,mipt_alpha_624,LightAutoML_mult_gl,CatBoostAutoRegressivePipelineEtna_horizonlags,CatBoostAutoRegressivePipelineEtna_horizonlags_gl,Prophet
260,mipt_alpha_451,TFTTuningObjective_gl,TFTTuningObjective_gl,TFTTuningObjective_gl,OLS
261,mipt_alpha_239,ARIMAEtna,ARIMAEtna,ARIMAEtna,OLS
262,mipt_alpha_563,ARIMAEtna,ARIMAEtna,CatBoostDirectPipelineEtna_horizonlags_gl,BaselineMean
263,mipt_alpha_42,TFTTuningObjective_gl,TFTTuningObjective_gl,TFTTuningObjective_gl,OLS
264,mipt_alpha_543,LightAutoML,LightAutoML,Prophet,OLS
265,mipt_alpha_136,Prophet,Prophet,CatBoostAutoRegressivePipelineEtna_horizonlags,BaselineMean
266,mipt_alpha_99,CatBoostDirectPipelineEtna_horizonlags,CatBoostDirectPipelineEtna_horizonlags,CatBoostDirectPipelineEtna_horizonlags_gl,OLS
267,mipt_alpha_538,CatBoostDirectPipelineEtna_horizonlags_gl,CatBoostDirectPipelineEtna_horizonlags_gl,CatBoostDirectPipelineEtna_horizonlags_gl,OLS
268,mipt_alpha_460,CatBoostDirectPipelineEtna_horizonlags,CatBoostDirectPipelineEtna_horizonlags,CatBoostDirectPipelineEtna_horizonlags,BaselineMean
269,mipt_alpha_336,Prophet,Prophet,LightAutoML_mult_gl,OLS
270,mipt_alpha_120,CatBoostAutoRegressivePipelineEtna_horizonlags_gl,CatBoostAutoRegressivePipelineEtna_horizonlags_gl,TFTTuningObjective_gl,OLS
271,mipt_alpha_174,Prophet,Prophet,Prophet,OLS
272,mipt_alpha_409,CatBoostDirectPipelineEtna_horizonlags_gl,CatBoostDirectPipelineEtna_horizonlags_gl,DeepARTuningObjective_gl,BaselineMean
273,mipt_alpha_351,TFTTuningObjective_gl,Prophet,TFTTuningObjective_gl,OLS
274,mipt_alpha_275,LightAutoML_mult_gl,LightAutoML_mult_gl,LightAutoML_mult_gl,OLS
275,mipt_alpha_447,LSTNetTuningObjective_gl,LightAutoML,LSTNetTuningObjective_gl,BaselineMean
276,mipt_alpha_277,CatBoostDirectPipelineEtna_horizonlags_gl,CatBoostDirectPipelineEtna_horizonlags_gl,NeuralProphet,BaselineMean
277,mipt_alpha_35,LightAutoML_mult_gl,LightAutoML_mult_gl,LightAutoML_mult_gl,BaselineMean
278,mipt_alpha_14,NeuralProphet_gl,NeuralProphet_gl,LightAutoML,OLS
279,mipt_alpha_496,TFTTuningObjective_gl,TFTTuningObjective_gl,TFTTuningObjective_gl,BaselineMean
280,mipt_alpha_141,Prophet,Prophet,CatBoostAutoRegressivePipelineEtna_horizonlags,Prophet
281,mipt_alpha_578,Prophet,Prophet,Prophet,OLS
282,mipt_alpha_52,CatBoostDirectPipelineEtna_horizonlags_gl,CatBoostDirectPipelineEtna_horizonlags_gl,LSTNetTuningObjective_gl,BaselineMean
283,mipt_alpha_546,TFTTuningObjective_gl,TFTTuningObjective_gl,LightAutoML_mult_gl,BaselineMean
284,mipt_alpha_235,CatBoostDirectPipelineEtna_horizonlags_gl,CatBoostDirectPipelineEtna_horizonlags_gl,CatBoostDirectPipelineEtna_horizonlags_gl,BaselineMean
285,mipt_alpha_556,CatBoostAutoRegressivePipelineEtna_3lags_gl,Prophet,LightAutoML,OLS
286,mipt_alpha_59,NeuralProphet,NeuralProphet,NeuralProphet,OLS
287,mipt_alpha_611,TFTTuningObjective_gl,TFTTuningObjective_gl,TFTTuningObjective_gl,BaselineMean
288,mipt_alpha_288,CatBoostAutoRegressivePipelineEtna_horizonlags,CatBoostAutoRegressivePipelineEtna_horizonlags,NeuralProphet,BaselineMean
289,mipt_alpha_86,LightAutoML_mult_gl,LightAutoML_mult_gl,LightAutoML,OLS
290,mipt_alpha_459,LSTNetTuningObjective_gl,LSTNetTuningObjective_gl,LSTNetTuningObjective_gl,OLS
291,mipt_alpha_16,BaselineMean,BaselineMean,Prophet,BaselineMean
292,mipt_alpha_217,CatBoostAutoRegressivePipelineEtna_horizonlags_gl,CatBoostAutoRegressivePipelineEtna_horizonlags_gl,CatBoostAutoRegressivePipelineEtna_horizonlags_gl,Prophet
293,mipt_alpha_630,CatBoostAutoRegressivePipelineEtna_horizonlags_gl,CatBoostAutoRegressivePipelineEtna_horizonlags_gl,Prophet,Prophet
294,mipt_alpha_27,NeuralProphet,NeuralProphet,NeuralProphet,OLS
295,mipt_alpha_123,LightAutoML,LightAutoML,NeuralProphet,OLS
296,mipt_alpha_584,LSTNetTuningObjective_gl,CatBoostAutoRegressivePipelineEtna_horizonlags,DeepARTuningObjective_gl,BaselineMean
297,mipt_alpha_228,LSTNetTuningObjective_gl,LSTNetTuningObjective_gl,LSTNetTuningObjective_gl,BaselineMean
298,mipt_alpha_85,DeepARTuningObjective_gl,DeepARTuningObjective_gl,DeepARTuningObjective_gl,BaselineMean
299,mipt_alpha_183,LightAutoML,LightAutoML,Prophet,Prophet
300,mipt_alpha_387,CatBoostDirectPipelineEtna_horizonlags,CatBoostDirectPipelineEtna_horizonlags,Prophet,OLS
301,mipt_alpha_431,CatBoostDirectPipelineEtna_horizonlags,CatBoostDirectPipelineEtna_horizonlags,LightAutoML_mult_gl,OLS
302,mipt_alpha_377,DeepARTuningObjective_gl,DeepARTuningObjective_gl,Prophet,BaselineMean
303,mipt_alpha_646,CatBoostAutoRegressivePipelineEtna_horizonlags,CatBoostAutoRegressivePipelineEtna_horizonlags,CatBoostAutoRegressivePipelineEtna_horizonlags,OLS
304,mipt_alpha_161,LightAutoML,LightAutoML,NeuralProphet,BaselineMean
305,mipt_alpha_349,CatBoostDirectPipelineEtna_horizonlags,CatBoostDirectPipelineEtna_horizonlags,CatBoostDirectPipelineEtna_horizonlags,BaselineMean
306,mipt_alpha_347,CatBoostAutoRegressivePipelineEtna_3lags_gl,BaselineMean,LSTNetTuningObjective_gl,BaselineMean
307,mipt_alpha_561,LightAutoML_mult_gl,LightAutoML_mult_gl,DeepARTuningObjective_gl,BaselineMean
308,mipt_alpha_392,LSTNetTuningObjective_gl,LSTNetTuningObjective_gl,LSTNetTuningObjective_gl,Prophet
309,mipt_alpha_17,LSTNetTuningObjective_gl,LSTNetTuningObjective_gl,CatBoostDirectPipelineEtna_horizonlags_gl,BaselineMean
310,mipt_alpha_224,LightAutoML,LightAutoML,LightAutoML,Prophet
311,mipt_alpha_440,NeuralProphet,NeuralProphet,TFTTuningObjective_gl,Prophet
312,mipt_alpha_492,CatBoostAutoRegressivePipelineEtna_horizonlags,CatBoostAutoRegressivePipelineEtna_horizonlags,TFTTuningObjective_gl,CatBoostAutoRegressivePipelineEtna_30lags
313,mipt_alpha_609,LightAutoML,LightAutoML,CatBoostDirectPipelineEtna_horizonlags_gl,BaselineMean
314,mipt_alpha_443,DeepARTuningObjective_gl,DeepARTuningObjective_gl,DeepARTuningObjective_gl,BaselineMean
315,mipt_alpha_4,LightAutoML_mult_gl,LightAutoML_mult_gl,TFTTuningObjective_gl,BaselineMean
316,mipt_alpha_307,NeuralProphet,NeuralProphet,NeuralProphet,OLS
317,mipt_alpha_571,CatBoostAutoRegressivePipelineEtna_horizonlags,CatBoostAutoRegressivePipelineEtna_horizonlags,ARIMAEtna,OLS
318,mipt_alpha_8,TFTTuningObjective_gl,TFTTuningObjective_gl,CatBoostAutoRegressivePipelineEtna_horizonlags_gl,OLS
319,mipt_alpha_13,NeuralProphet,NeuralProphet,LSTNetTuningObjective_gl,BaselineMean
320,mipt_alpha_638,LightAutoML,LightAutoML,LightAutoML,OLS
321,mipt_alpha_454,CatBoostDirectPipelineEtna_horizonlags,CatBoostDirectPipelineEtna_horizonlags,DeepARTuningObjective_gl,BaselineMean
322,mipt_alpha_384,CatBoostAutoRegressivePipelineEtna_horizonlags_gl,LightAutoML,DeepARTuningObjective_gl,BaselineMean
323,mipt_alpha_266,CatBoostDirectPipelineEtna_horizonlags_gl,CatBoostDirectPipelineEtna_horizonlags_gl,CatBoostDirectPipelineEtna_horizonlags_gl,BaselineMean
324,mipt_alpha_493,DeepARTuningObjective_gl,DeepARTuningObjective_gl,CatBoostAutoRegressivePipelineEtna_3lags,BaselineMean
325,mipt_alpha_533,CatBoostDirectPipelineEtna_horizonlags,CatBoostDirectPipelineEtna_horizonlags,CatBoostDirectPipelineEtna_horizonlags,OLS
326,mipt_alpha_553,LightAutoML,LightAutoML,CatBoostDirectPipelineEtna_horizonlags,Prophet
327,mipt_alpha_582,Prophet,Prophet,Prophet,Prophet
328,mipt_alpha_562,LSTNetTuningObjective_gl,LSTNetTuningObjective_gl,LSTNetTuningObjective_gl,BaselineMean
329,mipt_alpha_179,Prophet,Prophet,Prophet,Prophet
330,mipt_alpha_534,LightAutoML_mult_gl,LightAutoML_mult_gl,LightAutoML,OLS
331,mipt_alpha_88,CatBoostAutoRegressivePipelineEtna_horizonlags,CatBoostAutoRegressivePipelineEtna_horizonlags,TFTTuningObjective_gl,BaselineMean
332,mipt_alpha_388,TFTTuningObjective_gl,Prophet,LightAutoML_mult_gl,Prophet
333,mipt_alpha_33,TFTTuningObjective_gl,TFTTuningObjective_gl,TFTTuningObjective_gl,OLS
334,mipt_alpha_475,NeuralProphet,NeuralProphet,Prophet,OLS
335,mipt_alpha_303,NeuralProphet,NeuralProphet,NeuralProphet,OLS
336,mipt_alpha_267,LSTNetTuningObjective_gl,LSTNetTuningObjective_gl,Prophet,LSTNetTuningObjective_gl
337,mipt_alpha_378,LightAutoML_mult_gl,LightAutoML_mult_gl,CatBoostDirectPipelineEtna_horizonlags_gl,OLS
338,mipt_alpha_320,LightAutoML_mult_gl,LightAutoML_mult_gl,LightAutoML_mult_gl,OLS
339,mipt_alpha_63,CatBoostAutoRegressivePipelineEtna_horizonlags_gl,CatBoostAutoRegressivePipelineEtna_horizonlags_gl,CatBoostAutoRegressivePipelineEtna_horizonlags_gl,OLS
340,mipt_alpha_38,CatBoostAutoRegressivePipelineEtna_horizonlags,CatBoostAutoRegressivePipelineEtna_horizonlags,NeuralProphet_gl,Prophet
341,mipt_alpha_10,Prophet,Prophet,Prophet,Prophet
342,mipt_alpha_160,DeepARTuningObjective_gl,DeepARTuningObjective_gl,NeuralProphet,BaselineMean
343,mipt_alpha_316,DeepARTuningObjective_gl,DeepARTuningObjective_gl,DeepARTuningObjective_gl,BaselineMean
344,mipt_alpha_636,Prophet,Prophet,Prophet,BaselineMean
345,mipt_alpha_138,CatBoostDirectPipelineEtna_horizonlags_gl,CatBoostDirectPipelineEtna_horizonlags_gl,DeepARTuningObjective_gl,Prophet
346,mipt_alpha_231,CatBoostDirectPipelineEtna_horizonlags_gl,CatBoostDirectPipelineEtna_horizonlags_gl,CatBoostDirectPipelineEtna_horizonlags_gl,BaselineMean
347,mipt_alpha_309,CatBoostAutoRegressivePipelineEtna_3lags_gl,CatBoostAutoRegressivePipelineEtna_3lags_gl,CatBoostAutoRegressivePipelineEtna_horizonlags,BaselineMean
348,mipt_alpha_273,LightAutoML_mult_gl,LightAutoML_mult_gl,LightAutoML,OLS
349,mipt_alpha_569,CatBoostDirectPipelineEtna_horizonlags,CatBoostDirectPipelineEtna_horizonlags,LightAutoML_mult_gl,BaselineMean
350,mipt_alpha_424,CatBoostAutoRegressivePipelineEtna_horizonlags,CatBoostAutoRegressivePipelineEtna_horizonlags,LightAutoML_mult_gl,BaselineMean
351,mipt_alpha_441,CatBoostDirectPipelineEtna_horizonlags,CatBoostDirectPipelineEtna_horizonlags,CatBoostDirectPipelineEtna_horizonlags,BaselineMean
352,mipt_alpha_506,CatBoostAutoRegressivePipelineEtna_horizonlags_gl,Prophet,CatBoostAutoRegressivePipelineEtna_horizonlags_gl,OLS
353,mipt_alpha_71,NeuralProphet_gl,NeuralProphet_gl,CatBoostDirectPipelineEtna_horizonlags_gl,BaselineMean
354,mipt_alpha_632,CatBoostAutoRegressivePipelineEtna_horizonlags_gl,CatBoostAutoRegressivePipelineEtna_horizonlags_gl,LightAutoML_mult_gl,OLS
355,mipt_alpha_92,DeepARTuningObjective_gl,DeepARTuningObjective_gl,DeepARTuningObjective_gl,BaselineMean
356,mipt_alpha_595,CatBoostDirectPipelineEtna_horizonlags,CatBoostDirectPipelineEtna_horizonlags,LightAutoML_mult_gl,CatBoostDirectPipelineEtna_horizonlags
357,mipt_alpha_422,LightAutoML_mult_gl,CatBoostAutoRegressivePipelineEtna_horizonlags,LightAutoML_mult_gl,OLS
358,mipt_alpha_322,NeuralProphet,NeuralProphet,TFTTuningObjective_gl,OLS
359,mipt_alpha_252,LightAutoML_mult_gl,LightAutoML_mult_gl,CatBoostDirectPipelineEtna_horizonlags_gl,BaselineMean
360,mipt_alpha_220,CatBoostDirectPipelineEtna_horizonlags_gl,CatBoostDirectPipelineEtna_horizonlags_gl,DeepARTuningObjective_gl,BaselineMean
361,mipt_alpha_438,TFTTuningObjective_gl,TFTTuningObjective_gl,NeuralProphet,OLS
362,mipt_alpha_158,LightAutoML_mult_gl,LightAutoML_mult_gl,LightAutoML_mult_gl,OLS
363,mipt_alpha_605,LightAutoML_mult_gl,LightAutoML_mult_gl,TFTTuningObjective_gl,OLS
364,mipt_alpha_613,CatBoostAutoRegressivePipelineEtna_horizonlags,CatBoostAutoRegressivePipelineEtna_horizonlags,CatBoostAutoRegressivePipelineEtna_horizonlags,Prophet
365,mipt_alpha_615,CatBoostDirectPipelineEtna_horizonlags_gl,CatBoostAutoRegressivePipelineEtna_horizonlags,CatBoostAutoRegressivePipelineEtna_horizonlags,BaselineMean
366,mipt_alpha_589,LightAutoML_mult_gl,LightAutoML_mult_gl,LightAutoML_mult_gl,OLS
367,mipt_alpha_194,NeuralProphet,NeuralProphet,NeuralProphet,BaselineMean
368,mipt_alpha_125,CatBoostAutoRegressivePipelineEtna_horizonlags,CatBoostAutoRegressivePipelineEtna_horizonlags,CatBoostAutoRegressivePipelineEtna_horizonlags,Prophet
369,mipt_alpha_103,Prophet,Prophet,LightAutoML_mult_gl,Prophet
370,mipt_alpha_281,NeuralProphet_gl,NeuralProphet_gl,LightAutoML_mult_gl,OLS
371,mipt_alpha_494,CatBoostAutoRegressivePipelineEtna_horizonlags_gl,CatBoostAutoRegressivePipelineEtna_horizonlags_gl,CatBoostAutoRegressivePipelineEtna_horizonlags_gl,OLS
372,mipt_alpha_152,OLS,OLS,ARIMAEtna,OLS
373,mipt_alpha_414,CatBoostAutoRegressivePipelineEtna_3lags_gl,CatBoostAutoRegressivePipelineEtna_3lags_gl,NeuralProphet,BaselineMean
374,mipt_alpha_55,TFTTuningObjective_gl,TFTTuningObjective_gl,CatBoostDirectPipelineEtna_3lags,OLS
375,mipt_alpha_463,CatBoostDirectPipelineEtna_horizonlags_gl,CatBoostDirectPipelineEtna_horizonlags,LightAutoML_mult_gl,BaselineMean
376,mipt_alpha_265,LSTNetTuningObjective_gl,LSTNetTuningObjective_gl,TFTTuningObjective_gl,BaselineMean
377,mipt_alpha_308,CatBoostAutoRegressivePipelineEtna_horizonlags_gl,Prophet,CatBoostAutoRegressivePipelineEtna_horizonlags_gl,OLS
378,mipt_alpha_131,CatBoostAutoRegressivePipelineEtna_horizonlags_gl,CatBoostAutoRegressivePipelineEtna_horizonlags_gl,NeuralProphet,OLS
379,mipt_alpha_250,LSTNetTuningObjective_gl,LSTNetTuningObjective_gl,LSTNetTuningObjective_gl,OLS
380,mipt_alpha_344,LightAutoML_mult_gl,LightAutoML_mult_gl,LightAutoML_mult_gl,OLS
381,mipt_alpha_280,LightAutoML_mult_gl,LightAutoML_mult_gl,DeepARTuningObjective_gl,OLS
382,mipt_alpha_386,CatBoostAutoRegressivePipelineEtna_3lags_gl,CatBoostAutoRegressivePipelineEtna_3lags_gl,CatBoostAutoRegressivePipelineEtna_3lags,CatBoostAutoRegressivePipelineEtna_3lags_gl
383,mipt_alpha_412,NeuralProphet,NeuralProphet,LightAutoML,OLS
384,mipt_alpha_12,Prophet,Prophet,Prophet,BaselineMean
385,mipt_alpha_512,DeepARTuningObjective_gl,DeepARTuningObjective_gl,LightAutoML,BaselineMean
386,mipt_alpha_215,Prophet,Prophet,CatBoostAutoRegressivePipelineEtna_horizonlags_gl,OLS
387,mipt_alpha_290,CatBoostDirectPipelineEtna_horizonlags,CatBoostDirectPipelineEtna_horizonlags,CatBoostDirectPipelineEtna_horizonlags_gl,BaselineMean
388,mipt_alpha_608,CatBoostAutoRegressivePipelineEtna_horizonlags_gl,LightAutoML,CatBoostDirectPipelineEtna_horizonlags,OLS
389,mipt_alpha_242,LSTNetTuningObjective_gl,LSTNetTuningObjective_gl,LSTNetTuningObjective_gl,BaselineMean
390,mipt_alpha_51,TFTTuningObjective_gl,TFTTuningObjective_gl,TFTTuningObjective_gl,BaselineMean
391,mipt_alpha_407,DeepARTuningObjective_gl,DeepARTuningObjective_gl,NeuralProphet,OLS
392,mipt_alpha_371,TFTTuningObjective_gl,TFTTuningObjective_gl,TFTTuningObjective_gl,Prophet
393,mipt_alpha_597,CatBoostDirectPipelineEtna_horizonlags_gl,CatBoostDirectPipelineEtna_horizonlags_gl,NeuralProphet,BaselineMean
394,mipt_alpha_382,LightAutoML,LightAutoML,LSTNetTuningObjective_gl,OLS
395,mipt_alpha_485,LightAutoML,LightAutoML,LightAutoML,BaselineMean
396,mipt_alpha_580,CatBoostAutoRegressivePipelineEtna_horizonlags_gl,Prophet,CatBoostAutoRegressivePipelineEtna_horizonlags_gl,OLS
397,mipt_alpha_210,LightAutoML_mult_gl,LightAutoML_mult_gl,LightAutoML_mult_gl,OLS
398,mipt_alpha_202,LightAutoML,LightAutoML,DeepARTuningObjective_gl,BaselineMean
399,mipt_alpha_478,LSTNetTuningObjective_gl,LSTNetTuningObjective_gl,LSTNetTuningObjective_gl,BaselineMean
400,mipt_alpha_576,Prophet,Prophet,TFTTuningObjective_gl,OLS
401,mipt_alpha_5,TFTTuningObjective_gl,TFTTuningObjective_gl,CatBoostDirectPipelineEtna_horizonlags_gl,OLS
402,mipt_alpha_190,CatBoostDirectPipelineEtna_horizonlags,CatBoostDirectPipelineEtna_horizonlags,CatBoostDirectPipelineEtna_horizonlags,OLS
403,mipt_alpha_245,LightAutoML,LightAutoML,CatBoostAutoRegressivePipelineEtna_horizonlags_gl,Prophet
404,mipt_alpha_50,Prophet,Prophet,Prophet,Prophet
405,mipt_alpha_418,NeuralProphet_gl,NeuralProphet_gl,TFTTuningObjective_gl,OLS
406,mipt_alpha_370,NeuralProphet,NeuralProphet,LightAutoML,Prophet
407,mipt_alpha_442,NeuralProphet,NeuralProphet,CatBoostDirectPipelineEtna_horizonlags_gl,BaselineMean
408,mipt_alpha_465,CatBoostDirectPipelineEtna_horizonlags,CatBoostDirectPipelineEtna_horizonlags,CatBoostDirectPipelineEtna_horizonlags,BaselineMean
409,mipt_alpha_634,DeepARTuningObjective_gl,CatBoostAutoRegressivePipelineEtna_horizonlags,CatBoostAutoRegressivePipelineEtna_horizonlags_gl,BaselineMean
410,mipt_alpha_156,LightAutoML,LightAutoML,CatBoostAutoRegressivePipelineEtna_horizonlags,OLS
411,mipt_alpha_365,CatBoostAutoRegressivePipelineEtna_horizonlags,CatBoostAutoRegressivePipelineEtna_horizonlags,ARIMAEtna,BaselineMean
412,mipt_alpha_247,Prophet,Prophet,Prophet,OLS
413,mipt_alpha_325,LightAutoML_mult_gl,LightAutoML_mult_gl,LightAutoML_mult_gl,OLS
414,mipt_alpha_536,LightAutoML_mult_gl,LightAutoML_mult_gl,TFTTuningObjective_gl,BaselineMean
415,mipt_alpha_507,LightAutoML_mult_gl,LightAutoML_mult_gl,DeepARTuningObjective_gl,CatBoostDirectPipelineEtna_3lags
416,mipt_alpha_21,CatBoostAutoRegressivePipelineEtna_horizonlags,CatBoostAutoRegressivePipelineEtna_horizonlags,CatBoostAutoRegressivePipelineEtna_horizonlags,Prophet
417,mipt_alpha_516,LightAutoML_mult_gl,LightAutoML_mult_gl,LightAutoML_mult_gl,OLS
418,mipt_alpha_118,LightAutoML_mult_gl,LightAutoML,CatBoostDirectPipelineEtna_horizonlags,OLS
419,mipt_alpha_376,LightAutoML_mult_gl,LightAutoML_mult_gl,LightAutoML_mult_gl,BaselineMean
420,mipt_alpha_489,TFTTuningObjective_gl,TFTTuningObjective_gl,NeuralProphet,OLS
421,mipt_alpha_399,CatBoostDirectPipelineEtna_horizonlags_gl,CatBoostAutoRegressivePipelineEtna_horizonlags,CatBoostDirectPipelineEtna_horizonlags_gl,BaselineMean
422,mipt_alpha_550,TFTTuningObjective_gl,TFTTuningObjective_gl,NeuralProphet_gl,OLS
423,mipt_alpha_147,CatBoostAutoRegressivePipelineEtna_horizonlags_gl,CatBoostAutoRegressivePipelineEtna_horizonlags_gl,CatBoostAutoRegressivePipelineEtna_horizonlags_gl,CatBoostAutoRegressivePipelineEtna_horizonlags_gl
424,mipt_alpha_117,CatBoostDirectPipelineEtna_horizonlags_gl,CatBoostDirectPipelineEtna_horizonlags_gl,CatBoostDirectPipelineEtna_horizonlags_gl,OLS
425,mipt_alpha_196,LightAutoML_mult_gl,LightAutoML_mult_gl,LightAutoML,OLS
426,mipt_alpha_140,LightAutoML,LightAutoML,CatBoostDirectPipelineEtna_horizonlags,BaselineMean
427,mipt_alpha_375,TFTTuningObjective_gl,TFTTuningObjective_gl,TFTTuningObjective_gl,Prophet
428,mipt_alpha_439,CatBoostDirectPipelineEtna_horizonlags,CatBoostDirectPipelineEtna_horizonlags,CatBoostDirectPipelineEtna_horizonlags,BaselineMean
429,mipt_alpha_48,TFTTuningObjective_gl,TFTTuningObjective_gl,CatBoostDirectPipelineEtna_horizonlags,OLS
430,mipt_alpha_628,LightAutoML_mult_gl,Prophet,LightAutoML_mult_gl,OLS
431,mipt_alpha_187,NeuralProphet_gl,NeuralProphet_gl,CatBoostDirectPipelineEtna_horizonlags_gl,OLS
432,mipt_alpha_428,TFTTuningObjective_gl,TFTTuningObjective_gl,TFTTuningObjective_gl,OLS
433,mipt_alpha_195,LightAutoML,LightAutoML,DeepARTuningObjective_gl,BaselineMean
434,mipt_alpha_148,LightAutoML_mult_gl,LightAutoML_mult_gl,LSTNetTuningObjective_gl,OLS
435,mipt_alpha_566,Prophet,Prophet,CatBoostDirectPipelineEtna_horizonlags_gl,BaselineMean
436,mipt_alpha_535,CatBoostAutoRegressivePipelineEtna_horizonlags_gl,CatBoostAutoRegressivePipelineEtna_horizonlags_gl,CatBoostAutoRegressivePipelineEtna_horizonlags_gl,BaselineMean
437,mipt_alpha_527,Prophet,Prophet,Prophet,OLS
438,mipt_alpha_601,LightAutoML,LightAutoML,NeuralProphet,OLS
439,mipt_alpha_199,DeepARTuningObjective_gl,DeepARTuningObjective_gl,LightAutoML_mult_gl,BaselineMean
440,mipt_alpha_69,CatBoostAutoRegressivePipelineEtna_horizonlags_gl,CatBoostAutoRegressivePipelineEtna_horizonlags_gl,CatBoostAutoRegressivePipelineEtna_horizonlags_gl,OLS
441,mipt_alpha_133,TFTTuningObjective_gl,TFTTuningObjective_gl,CatBoostAutoRegressivePipelineEtna_horizonlags_gl,Prophet
442,mipt_alpha_617,DeepARTuningObjective_gl,CatBoostAutoRegressivePipelineEtna_horizonlags,CatBoostAutoRegressivePipelineEtna_horizonlags_gl,BaselineMean
443,mipt_alpha_430,TFTTuningObjective_gl,TFTTuningObjective_gl,TFTTuningObjective_gl,OLS
444,mipt_alpha_391,LightAutoML_mult_gl,LightAutoML_mult_gl,LightAutoML_mult_gl,BaselineMean
445,mipt_alpha_216,CatBoostAutoRegressivePipelineEtna_horizonlags,CatBoostAutoRegressivePipelineEtna_horizonlags,CatBoostAutoRegressivePipelineEtna_horizonlags,OLS
446,mipt_alpha_57,CatBoostAutoRegressivePipelineEtna_horizonlags_gl,CatBoostAutoRegressivePipelineEtna_horizonlags_gl,TFTTuningObjective_gl,BaselineMean
447,mipt_alpha_212,CatBoostAutoRegressivePipelineEtna_3lags_gl,CatBoostAutoRegressivePipelineEtna_3lags_gl,Prophet,OLS
448,mipt_alpha_542,LightAutoML,LightAutoML,CatBoostDirectPipelineEtna_horizonlags_gl,OLS
449,mipt_alpha_96,LightAutoML_mult_gl,LightAutoML_mult_gl,TFTTuningObjective_gl,BaselineMean
450,mipt_alpha_517,CatBoostAutoRegressivePipelineEtna_horizonlags,CatBoostAutoRegressivePipelineEtna_horizonlags,LightAutoML_mult_gl,OLS
451,mipt_alpha_471,TFTTuningObjective_gl,TFTTuningObjective_gl,TFTTuningObjective_gl,OLS
452,mipt_alpha_257,CatBoostAutoRegressivePipelineEtna_horizonlags_gl,CatBoostAutoRegressivePipelineEtna_horizonlags,TFTTuningObjective_gl,OLS
453,mipt_alpha_253,TFTTuningObjective_gl,TFTTuningObjective_gl,LightAutoML,OLS
454,mipt_alpha_135,TFTTuningObjective_gl,TFTTuningObjective_gl,TFTTuningObjective_gl,BaselineMean
455,mipt_alpha_43,LightAutoML,LightAutoML,LightAutoML_mult_gl,OLS
456,mipt_alpha_104,DeepARTuningObjective_gl,DeepARTuningObjective_gl,DeepARTuningObjective_gl,BaselineMean
457,mipt_alpha_36,LightAutoML_mult_gl,LightAutoML_mult_gl,LightAutoML_mult_gl,OLS
458,mipt_alpha_318,DeepARTuningObjective_gl,DeepARTuningObjective_gl,NeuralProphet,BaselineMean
459,mipt_alpha_359,LightAutoML_mult_gl,LightAutoML_mult_gl,LightAutoML_mult_gl,BaselineMean
460,mipt_alpha_411,CatBoostDirectPipelineEtna_horizonlags_gl,CatBoostDirectPipelineEtna_horizonlags_gl,CatBoostDirectPipelineEtna_horizonlags_gl,Prophet
461,mipt_alpha_648,CatBoostDirectPipelineEtna_horizonlags,CatBoostDirectPipelineEtna_horizonlags,CatBoostDirectPipelineEtna_horizonlags_gl,BaselineMean
462,mipt_alpha_389,DeepARTuningObjective_gl,DeepARTuningObjective_gl,DeepARTuningObjective_gl,BaselineMean
463,mipt_alpha_305,CatBoostAutoRegressivePipelineEtna_horizonlags_gl,CatBoostAutoRegressivePipelineEtna_horizonlags,CatBoostAutoRegressivePipelineEtna_horizonlags,BaselineMean
464,mipt_alpha_513,TFTTuningObjective_gl,TFTTuningObjective_gl,TFTTuningObjective_gl,BaselineMean
465,mipt_alpha_72,CatBoostAutoRegressivePipelineEtna_horizonlags,CatBoostAutoRegressivePipelineEtna_horizonlags,TFTTuningObjective_gl,OLS
466,mipt_alpha_248,DeepARTuningObjective_gl,BaselineMean,TFTTuningObjective_gl,BaselineMean
467,mipt_alpha_511,LightAutoML_mult_gl,LightAutoML_mult_gl,CatBoostDirectPipelineEtna_horizonlags_gl,LightAutoML_mult_gl
468,mipt_alpha_60,TFTTuningObjective_gl,TFTTuningObjective_gl,TFTTuningObjective_gl,BaselineMean
469,mipt_alpha_495,NeuralProphet,NeuralProphet,CatBoostDirectPipelineEtna_horizonlags_gl,OLS
470,mipt_alpha_101,NeuralProphet_gl,NeuralProphet_gl,CatBoostDirectPipelineEtna_horizonlags,Prophet
471,mipt_alpha_642,NeuralProphet,NeuralProphet,CatBoostAutoRegressivePipelineEtna_3lags_gl,OLS
472,mipt_alpha_87,CatBoostAutoRegressivePipelineEtna_horizonlags,CatBoostAutoRegressivePipelineEtna_horizonlags,CatBoostDirectPipelineEtna_horizonlags,OLS
473,mipt_alpha_74,NeuralProphet,NeuralProphet,LightAutoML_mult_gl,OLS
474,mipt_alpha_146,LightAutoML_mult_gl,LightAutoML_mult_gl,LightAutoML_mult_gl,OLS
475,mipt_alpha_80,TFTTuningObjective_gl,TFTTuningObjective_gl,CatBoostDirectPipelineEtna_horizonlags_gl,BaselineMean
476,mipt_alpha_482,CatBoostDirectPipelineEtna_horizonlags,CatBoostDirectPipelineEtna_horizonlags,CatBoostDirectPipelineEtna_horizonlags,BaselineMean
477,mipt_alpha_477,NeuralProphet,NeuralProphet,NeuralProphet,NeuralProphet
478,mipt_alpha_22,DeepARTuningObjective_gl,DeepARTuningObjective_gl,NeuralProphet,BaselineMean
479,mipt_alpha_645,CatBoostDirectPipelineEtna_3lags,CatBoostDirectPipelineEtna_3lags,NeuralProphet_gl,BaselineMean
480,mipt_alpha_510,LightAutoML_mult_gl,LightAutoML,LightAutoML_mult_gl,BaselineMean
481,mipt_alpha_287,CatBoostAutoRegressivePipelineEtna_horizonlags_gl,CatBoostAutoRegressivePipelineEtna_horizonlags_gl,CatBoostDirectPipelineEtna_horizonlags_gl,OLS
482,mipt_alpha_331,LSTNetTuningObjective_gl,NeuralProphet,TFTTuningObjective_gl,BaselineMean
483,mipt_alpha_591,LightAutoML_mult_gl,LightAutoML_mult_gl,DeepARTuningObjective_gl,BaselineMean
484,mipt_alpha_3,CatBoostAutoRegressivePipelineEtna_horizonlags,CatBoostAutoRegressivePipelineEtna_horizonlags,CatBoostAutoRegressivePipelineEtna_horizonlags_gl,BaselineMean
485,mipt_alpha_549,LightAutoML_mult_gl,LightAutoML_mult_gl,LightAutoML_mult_gl,OLS
486,mipt_alpha_30,CatBoostAutoRegressivePipelineEtna_horizonlags_gl,CatBoostAutoRegressivePipelineEtna_horizonlags_gl,CatBoostAutoRegressivePipelineEtna_horizonlags_gl,BaselineMean
487,mipt_alpha_11,CatBoostAutoRegressivePipelineEtna_3lags,CatBoostAutoRegressivePipelineEtna_3lags,CatBoostAutoRegressivePipelineEtna_3lags_gl,CatBoostDirectPipelineEtna_3lags
488,mipt_alpha_126,CatBoostAutoRegressivePipelineEtna_horizonlags,CatBoostAutoRegressivePipelineEtna_horizonlags,CatBoostAutoRegressivePipelineEtna_horizonlags,BaselineMean
489,mipt_alpha_106,NeuralProphet,NeuralProphet,NeuralProphet,OLS
490,mipt_alpha_509,CatBoostAutoRegressivePipelineEtna_horizonlags_gl,CatBoostAutoRegressivePipelineEtna_horizonlags_gl,LightAutoML_mult_gl,Prophet
491,mipt_alpha_163,CatBoostDirectPipelineEtna_horizonlags_gl,CatBoostDirectPipelineEtna_horizonlags_gl,CatBoostDirectPipelineEtna_horizonlags_gl,OLS
492,mipt_alpha_612,LightAutoML_mult_gl,Prophet,TFTTuningObjective_gl,OLS
493,mipt_alpha_157,CatBoostDirectPipelineEtna_horizonlags_gl,NeuralProphet,CatBoostDirectPipelineEtna_horizonlags_gl,OLS
494,mipt_alpha_7,Prophet,Prophet,CatBoostAutoRegressivePipelineEtna_horizonlags_gl,Prophet
495,mipt_alpha_223,TFTTuningObjective_gl,TFTTuningObjective_gl,TFTTuningObjective_gl,OLS
496,mipt_alpha_586,Prophet,Prophet,NeuralProphet,Prophet
497,mipt_alpha_274,LightAutoML_mult_gl,LightAutoML,LightAutoML_mult_gl,OLS
498,mipt_alpha_102,LightAutoML,LightAutoML,Prophet,OLS
499,mipt_alpha_207,CatBoostDirectPipelineEtna_horizonlags_gl,CatBoostDirectPipelineEtna_horizonlags_gl,CatBoostDirectPipelineEtna_horizonlags_gl,OLS
500,mipt_alpha_436,Prophet,Prophet,DeepARTuningObjective_gl,OLS
501,mipt_alpha_9,CatBoostAutoRegressivePipelineEtna_horizonlags_gl,CatBoostAutoRegressivePipelineEtna_horizonlags_gl,Prophet,OLS
502,mipt_alpha_159,CatBoostAutoRegressivePipelineEtna_horizonlags_gl,CatBoostAutoRegressivePipelineEtna_horizonlags_gl,TFTTuningObjective_gl,BaselineMean
503,mipt_alpha_230,CatBoostDirectPipelineEtna_horizonlags,CatBoostDirectPipelineEtna_horizonlags,CatBoostDirectPipelineEtna_horizonlags,BaselineMean
504,mipt_alpha_467,NeuralProphet,NeuralProphet,LightAutoML,Prophet
505,mipt_alpha_622,BaselineMean,BaselineMean,CatBoostAutoRegressivePipelineEtna_horizonlags,BaselineMean
506,mipt_alpha_564,NeuralProphet_gl,NeuralProphet_gl,NeuralProphet_gl,BaselineMean
507,mipt_alpha_28,CatBoostAutoRegressivePipelineEtna_horizonlags_gl,CatBoostAutoRegressivePipelineEtna_horizonlags_gl,Prophet,Prophet
508,mipt_alpha_214,LightAutoML_mult_gl,LightAutoML_mult_gl,NeuralProphet_gl,BaselineMean
509,mipt_alpha_270,CatBoostAutoRegressivePipelineEtna_horizonlags,CatBoostAutoRegressivePipelineEtna_horizonlags,CatBoostAutoRegressivePipelineEtna_horizonlags,Prophet
510,mipt_alpha_619,CatBoostAutoRegressivePipelineEtna_horizonlags_gl,LightAutoML,CatBoostAutoRegressivePipelineEtna_horizonlags_gl,OLS
511,mipt_alpha_364,NeuralProphet_gl,CatBoostAutoRegressivePipelineEtna_horizonlags,NeuralProphet_gl,OLS
512,mipt_alpha_515,CatBoostAutoRegressivePipelineEtna_horizonlags_gl,CatBoostAutoRegressivePipelineEtna_horizonlags_gl,DeepARTuningObjective_gl,OLS
513,mipt_alpha_241,LightAutoML_mult_gl,LightAutoML_mult_gl,NeuralProphet_gl,OLS
514,mipt_alpha_402,Prophet,Prophet,CatBoostAutoRegressivePipelineEtna_horizonlags,Prophet
515,mipt_alpha_335,TFTTuningObjective_gl,CatBoostAutoRegressivePipelineEtna_horizonlags,TFTTuningObjective_gl,BaselineMean
516,mipt_alpha_334,TFTTuningObjective_gl,LightAutoML,TFTTuningObjective_gl,OLS
517,mipt_alpha_342,LightAutoML_mult_gl,LightAutoML_mult_gl,CatBoostDirectPipelineEtna_horizonlags_gl,OLS
518,mipt_alpha_79,CatBoostAutoRegressivePipelineEtna_horizonlags_gl,CatBoostAutoRegressivePipelineEtna_horizonlags_gl,Prophet,OLS
519,mipt_alpha_352,LightAutoML_mult_gl,LightAutoML_mult_gl,LightAutoML_mult_gl,OLS
520,mipt_alpha_142,CatBoostAutoRegressivePipelineEtna_horizonlags_gl,CatBoostAutoRegressivePipelineEtna_horizonlags_gl,CatBoostAutoRegressivePipelineEtna_horizonlags_gl,OLS
521,mipt_alpha_598,TFTTuningObjective_gl,TFTTuningObjective_gl,DeepARTuningObjective_gl,BaselineMean
522,mipt_alpha_65,CatBoostDirectPipelineEtna_horizonlags,CatBoostDirectPipelineEtna_horizonlags,CatBoostDirectPipelineEtna_horizonlags_gl,CatBoostDirectPipelineEtna_horizonlags
523,mipt_alpha_635,CatBoostAutoRegressivePipelineEtna_3lags_gl,CatBoostDirectPipelineEtna_horizonlags,CatBoostDirectPipelineEtna_horizonlags,OLS
524,mipt_alpha_26,TFTTuningObjective_gl,TFTTuningObjective_gl,LightAutoML_mult_gl,OLS
525,mipt_alpha_426,NeuralProphet_gl,NeuralProphet_gl,LSTNetTuningObjective_gl,BaselineMean
526,mipt_alpha_452,CatBoostDirectPipelineEtna_3lags,CatBoostDirectPipelineEtna_3lags,Prophet,OLS
527,mipt_alpha_81,CatBoostAutoRegressivePipelineEtna_horizonlags_gl,CatBoostAutoRegressivePipelineEtna_horizonlags_gl,NeuralProphet_gl,OLS
528,mipt_alpha_537,TFTTuningObjective_gl,TFTTuningObjective_gl,TFTTuningObjective_gl,BaselineMean
529,mipt_alpha_357,CatBoostDirectPipelineEtna_horizonlags,CatBoostDirectPipelineEtna_horizonlags,LightAutoML_mult_gl,BaselineMean
530,mipt_alpha_262,CatBoostDirectPipelineEtna_horizonlags_gl,CatBoostDirectPipelineEtna_horizonlags_gl,Prophet,OLS
531,mipt_alpha_346,LightAutoML,LightAutoML,CatBoostDirectPipelineEtna_horizonlags,OLS
532,mipt_alpha_532,CatBoostDirectPipelineEtna_3lags,CatBoostDirectPipelineEtna_3lags,OLS,CatBoostDirectPipelineEtna_3lags
533,mipt_alpha_116,CatBoostDirectPipelineEtna_horizonlags_gl,CatBoostDirectPipelineEtna_horizonlags_gl,CatBoostDirectPipelineEtna_horizonlags_gl,OLS
534,mipt_alpha_526,LightAutoML,LightAutoML,CatBoostDirectPipelineEtna_horizonlags_gl,Prophet
535,mipt_alpha_209,CatBoostDirectPipelineEtna_horizonlags,CatBoostDirectPipelineEtna_horizonlags,CatBoostDirectPipelineEtna_horizonlags,OLS
536,mipt_alpha_185,CatBoostAutoRegressivePipelineEtna_horizonlags,CatBoostAutoRegressivePipelineEtna_horizonlags,CatBoostAutoRegressivePipelineEtna_horizonlags,CatBoostDirectPipelineEtna_3lags
537,mipt_alpha_555,NeuralProphet_gl,NeuralProphet_gl,CatBoostAutoRegressivePipelineEtna_horizonlags_gl,BaselineMean
538,mipt_alpha_385,CatBoostDirectPipelineEtna_horizonlags,CatBoostDirectPipelineEtna_horizonlags,CatBoostDirectPipelineEtna_horizonlags,BaselineMean
539,mipt_alpha_450,TFTTuningObjective_gl,TFTTuningObjective_gl,CatBoostDirectPipelineEtna_horizonlags,BaselineMean
540,mipt_alpha_594,NeuralProphet,NeuralProphet,NeuralProphet,OLS
541,mipt_alpha_61,LightAutoML,LightAutoML,CatBoostDirectPipelineEtna_horizonlags_gl,BaselineMean
542,mipt_alpha_626,TFTTuningObjective_gl,TFTTuningObjective_gl,LightAutoML_mult_gl,OLS
543,mipt_alpha_488,TFTTuningObjective_gl,TFTTuningObjective_gl,TFTTuningObjective_gl,OLS
544,mipt_alpha_323,LightAutoML_mult_gl,LightAutoML_mult_gl,LightAutoML_mult_gl,BaselineMean
545,mipt_alpha_285,TFTTuningObjective_gl,TFTTuningObjective_gl,CatBoostDirectPipelineEtna_horizonlags_gl,Prophet
546,mipt_alpha_369,NeuralProphet,NeuralProphet,TFTTuningObjective_gl,OLS
547,mipt_alpha_111,DeepARTuningObjective_gl,DeepARTuningObjective_gl,TFTTuningObjective_gl,BaselineMean
548,mipt_alpha_341,LightAutoML_mult_gl,LightAutoML_mult_gl,TFTTuningObjective_gl,BaselineMean
549,mipt_alpha_294,LightAutoML_mult_gl,LightAutoML_mult_gl,LightAutoML_mult_gl,OLS
550,mipt_alpha_455,Prophet,Prophet,Prophet,OLS
551,mipt_alpha_271,CatBoostDirectPipelineEtna_horizonlags,CatBoostDirectPipelineEtna_horizonlags,CatBoostDirectPipelineEtna_horizonlags_gl,BaselineMean
552,mipt_alpha_530,CatBoostDirectPipelineEtna_horizonlags_gl,CatBoostDirectPipelineEtna_horizonlags_gl,CatBoostDirectPipelineEtna_horizonlags_gl,CatBoostDirectPipelineEtna_3lags
553,mipt_alpha_420,Prophet,Prophet,CatBoostDirectPipelineEtna_horizonlags_gl,BaselineMean
554,mipt_alpha_67,DeepARTuningObjective_gl,DeepARTuningObjective_gl,DeepARTuningObjective_gl,BaselineMean
555,mipt_alpha_240,CatBoostDirectPipelineEtna_horizonlags_gl,CatBoostDirectPipelineEtna_horizonlags_gl,CatBoostDirectPipelineEtna_horizonlags_gl,Prophet
556,mipt_alpha_100,Prophet,Prophet,Prophet,Prophet
557,mipt_alpha_295,CatBoostAutoRegressivePipelineEtna_horizonlags_gl,CatBoostAutoRegressivePipelineEtna_horizonlags_gl,NeuralProphet_gl,OLS
558,mipt_alpha_166,TFTTuningObjective_gl,TFTTuningObjective_gl,LightAutoML,OLS
559,mipt_alpha_221,NeuralProphet,NeuralProphet,NeuralProphet,BaselineMean
560,mipt_alpha_600,DeepARTuningObjective_gl,CatBoostAutoRegressivePipelineEtna_horizonlags,DeepARTuningObjective_gl,BaselineMean
561,mipt_alpha_37,NeuralProphet,NeuralProphet,LSTNetTuningObjective_gl,OLS
562,mipt_alpha_604,CatBoostDirectPipelineEtna_horizonlags_gl,LightAutoML,LightAutoML_mult_gl,OLS
563,mipt_alpha_192,NeuralProphet_gl,NeuralProphet_gl,LSTNetTuningObjective_gl,OLS
564,mipt_alpha_150,Prophet,Prophet,CatBoostDirectPipelineEtna_horizonlags,Prophet
565,mipt_alpha_164,LightAutoML_mult_gl,LightAutoML,CatBoostDirectPipelineEtna_horizonlags_gl,OLS
566,mipt_alpha_408,TFTTuningObjective_gl,TFTTuningObjective_gl,TFTTuningObjective_gl,OLS
567,mipt_alpha_421,CatBoostAutoRegressivePipelineEtna_horizonlags_gl,CatBoostAutoRegressivePipelineEtna_horizonlags_gl,CatBoostAutoRegressivePipelineEtna_horizonlags_gl,OLS
568,mipt_alpha_193,Prophet,Prophet,ARIMAEtna,BaselineMean
569,mipt_alpha_180,CatBoostDirectPipelineEtna_horizonlags,CatBoostDirectPipelineEtna_horizonlags,LightAutoML,BaselineMean
570,mipt_alpha_525,CatBoostAutoRegressivePipelineEtna_horizonlags_gl,CatBoostAutoRegressivePipelineEtna_horizonlags_gl,NeuralProphet,BaselineMean
571,mipt_alpha_121,LightAutoML_mult_gl,LightAutoML_mult_gl,LightAutoML_mult_gl,OLS
572,mipt_alpha_437,NeuralProphet,NeuralProphet,LightAutoML_mult_gl,OLS
573,mipt_alpha_237,NeuralProphet,NeuralProphet,Prophet,OLS
574,mipt_alpha_588,CatBoostAutoRegressivePipelineEtna_horizonlags,CatBoostAutoRegressivePipelineEtna_horizonlags,CatBoostAutoRegressivePipelineEtna_horizonlags_gl,Prophet
575,mipt_alpha_173,TFTTuningObjective_gl,TFTTuningObjective_gl,CatBoostDirectPipelineEtna_horizonlags_gl,OLS
576,mipt_alpha_84,Prophet,Prophet,TFTTuningObjective_gl,BaselineMean
577,mipt_alpha_124,ARIMAEtna,ARIMAEtna,CatBoostDirectPipelineEtna_horizonlags,BaselineMean
578,mipt_alpha_284,CatBoostDirectPipelineEtna_horizonlags,CatBoostDirectPipelineEtna_horizonlags,CatBoostDirectPipelineEtna_horizonlags,BaselineMean
579,mipt_alpha_276,LightAutoML,LightAutoML,CatBoostDirectPipelineEtna_horizonlags_gl,BaselineMean
580,mipt_alpha_340,NeuralProphet_gl,NeuralProphet,LightAutoML,Prophet
581,mipt_alpha_46,TFTTuningObjective_gl,TFTTuningObjective_gl,TFTTuningObjective_gl,OLS
582,mipt_alpha_188,TFTTuningObjective_gl,TFTTuningObjective_gl,NeuralProphet,OLS
583,mipt_alpha_423,LightAutoML_mult_gl,LightAutoML_mult_gl,TFTTuningObjective_gl,OLS
584,mipt_alpha_278,CatBoostDirectPipelineEtna_horizonlags,CatBoostDirectPipelineEtna_horizonlags,CatBoostAutoRegressivePipelineEtna_horizonlags,Prophet
585,mipt_alpha_234,LightAutoML,LightAutoML,LightAutoML,OLS
586,mipt_alpha_531,CatBoostAutoRegressivePipelineEtna_horizonlags_gl,CatBoostAutoRegressivePipelineEtna_horizonlags_gl,CatBoostAutoRegressivePipelineEtna_horizonlags_gl,OLS
587,mipt_alpha_297,Prophet,Prophet,NeuralProphet,OLS
588,mipt_alpha_432,Prophet,Prophet,CatBoostDirectPipelineEtna_horizonlags,BaselineMean
589,mipt_alpha_499,CatBoostAutoRegressivePipelineEtna_3lags,CatBoostAutoRegressivePipelineEtna_3lags,DeepARTuningObjective_gl,BaselineMean
590,mipt_alpha_524,NeuralProphet,NeuralProphet,LightAutoML_mult_gl,OLS
591,mipt_alpha_362,LightAutoML,LightAutoML,CatBoostAutoRegressivePipelineEtna_horizonlags,OLS
592,mipt_alpha_68,DeepARTuningObjective_gl,DeepARTuningObjective_gl,TFTTuningObjective_gl,BaselineMean
593,mipt_alpha_633,LightAutoML_mult_gl,LightAutoML_mult_gl,LSTNetTuningObjective_gl,OLS
594,mipt_alpha_137,NeuralProphet,NeuralProphet,NeuralProphet,BaselineMean
595,mipt_alpha_301,LightAutoML_mult_gl,CatBoostAutoRegressivePipelineEtna_horizonlags,CatBoostAutoRegressivePipelineEtna_horizonlags,OLS
596,mipt_alpha_47,LightAutoML_mult_gl,LightAutoML_mult_gl,LSTNetTuningObjective_gl,Prophet
597,mipt_alpha_592,CatBoostDirectPipelineEtna_horizonlags,CatBoostDirectPipelineEtna_horizonlags,CatBoostAutoRegressivePipelineEtna_horizonlags_gl,OLS
598,mipt_alpha_175,CatBoostAutoRegressivePipelineEtna_horizonlags,CatBoostAutoRegressivePipelineEtna_horizonlags,CatBoostAutoRegressivePipelineEtna_horizonlags,Prophet
599,mipt_alpha_29,TFTTuningObjective_gl,TFTTuningObjective_gl,TFTTuningObjective_gl,OLS
600,mipt_alpha_625,CatBoostDirectPipelineEtna_horizonlags,CatBoostDirectPipelineEtna_horizonlags,CatBoostAutoRegressivePipelineEtna_3lags_gl,BaselineMean
601,mipt_alpha_251,TFTTuningObjective_gl,TFTTuningObjective_gl,NeuralProphet,OLS
602,mipt_alpha_545,LightAutoML,LightAutoML,Prophet,OLS
603,mipt_alpha_333,LSTNetTuningObjective_gl,LSTNetTuningObjective_gl,CatBoostDirectPipelineEtna_horizonlags_gl,BaselineMean
604,mipt_alpha_398,CatBoostDirectPipelineEtna_horizonlags_gl,CatBoostDirectPipelineEtna_horizonlags,CatBoostDirectPipelineEtna_horizonlags_gl,OLS
605,mipt_alpha_355,LSTNetTuningObjective_gl,LSTNetTuningObjective_gl,LSTNetTuningObjective_gl,BaselineMean
606,mipt_alpha_222,CatBoostAutoRegressivePipelineEtna_3lags,CatBoostAutoRegressivePipelineEtna_3lags,CatBoostDirectPipelineEtna_horizonlags,BaselineMean
607,mipt_alpha_2,LightAutoML_mult_gl,LightAutoML_mult_gl,LightAutoML_mult_gl,OLS
608,mipt_alpha_575,CatBoostDirectPipelineEtna_3lags,CatBoostDirectPipelineEtna_3lags,CatBoostDirectPipelineEtna_3lags,BaselineMean
609,mipt_alpha_206,LSTNetTuningObjective_gl,LSTNetTuningObjective_gl,DeepARTuningObjective_gl,BaselineMean
610,mipt_alpha_119,LightAutoML,LightAutoML,CatBoostDirectPipelineEtna_horizonlags_gl,CatBoostDirectPipelineEtna_horizonlags
611,mipt_alpha_461,CatBoostAutoRegressivePipelineEtna_horizonlags,CatBoostAutoRegressivePipelineEtna_horizonlags,CatBoostAutoRegressivePipelineEtna_horizonlags,BaselineMean
612,mipt_alpha_372,CatBoostDirectPipelineEtna_horizonlags,CatBoostDirectPipelineEtna_horizonlags,CatBoostDirectPipelineEtna_horizonlags,OLS
613,mipt_alpha_170,LightAutoML_mult_gl,LightAutoML_mult_gl,LightAutoML_mult_gl,BaselineMean
614,mipt_alpha_45,LightAutoML_mult_gl,LightAutoML_mult_gl,CatBoostAutoRegressivePipelineEtna_horizonlags_gl,Prophet
615,mipt_alpha_417,LSTNetTuningObjective_gl,LSTNetTuningObjective_gl,CatBoostDirectPipelineEtna_horizonlags_gl,BaselineMean
616,mipt_alpha_374,NeuralProphet,NeuralProphet,NeuralProphet,BaselineMean
617,mipt_alpha_15,CatBoostAutoRegressivePipelineEtna_horizonlags_gl,CatBoostAutoRegressivePipelineEtna_horizonlags_gl,CatBoostAutoRegressivePipelineEtna_horizonlags_gl,OLS
618,mipt_alpha_66,DeepARTuningObjective_gl,DeepARTuningObjective_gl,DeepARTuningObjective_gl,BaselineMean
619,mipt_alpha_552,NeuralProphet,NeuralProphet,LightAutoML,OLS
620,mipt_alpha_310,CatBoostAutoRegressivePipelineEtna_3lags,CatBoostAutoRegressivePipelineEtna_3lags,NeuralProphet_gl,BaselineMean
621,mipt_alpha_401,LSTNetTuningObjective_gl,LSTNetTuningObjective_gl,LSTNetTuningObjective_gl,BaselineMean
622,mipt_alpha_631,CatBoostAutoRegressivePipelineEtna_horizonlags_gl,CatBoostAutoRegressivePipelineEtna_horizonlags_gl,CatBoostDirectPipelineEtna_horizonlags_gl,Prophet
623,mipt_alpha_558,NeuralProphet,NeuralProphet,NeuralProphet,BaselineMean
624,mipt_alpha_639,CatBoostDirectPipelineEtna_horizonlags_gl,Prophet,LightAutoML,BaselineMean
625,mipt_alpha_484,NeuralProphet,NeuralProphet,NeuralProphet,OLS
626,mipt_alpha_462,Prophet,Prophet,CatBoostDirectPipelineEtna_horizonlags,OLS
627,mipt_alpha_603,DeepARTuningObjective_gl,DeepARTuningObjective_gl,CatBoostAutoRegressivePipelineEtna_horizonlags_gl,DeepARTuningObjective_gl
628,mipt_alpha_328,LightAutoML_mult_gl,LightAutoML_mult_gl,LightAutoML_mult_gl,OLS
629,mipt_alpha_354,CatBoostAutoRegressivePipelineEtna_horizonlags_gl,CatBoostAutoRegressivePipelineEtna_horizonlags_gl,TFTTuningObjective_gl,Prophet
630,mipt_alpha_397,LightAutoML_mult_gl,LightAutoML_mult_gl,CatBoostDirectPipelineEtna_horizonlags_gl,Prophet
631,mipt_alpha_256,NeuralProphet,NeuralProphet,NeuralProphet,OLS
632,mipt_alpha_360,DeepARTuningObjective_gl,DeepARTuningObjective_gl,OLS,BaselineMean
633,mipt_alpha_565,LightAutoML,LightAutoML,CatBoostDirectPipelineEtna_3lags,BaselineMean
634,mipt_alpha_508,LightAutoML,LightAutoML,LightAutoML,BaselineMean
635,mipt_alpha_345,Prophet,Prophet,Prophet,Prophet
636,mipt_alpha_607,NeuralProphet,NeuralProphet,NeuralProphet,BaselineMean
637,mipt_alpha_560,DeepARTuningObjective_gl,DeepARTuningObjective_gl,DeepARTuningObjective_gl,BaselineMean
638,mipt_alpha_404,LightAutoML_mult_gl,LightAutoML_mult_gl,CatBoostDirectPipelineEtna_horizonlags_gl,LightAutoML_mult_gl
639,mipt_alpha_254,Prophet,Prophet,LightAutoML,BaselineMean
640,mipt_alpha_574,CatBoostAutoRegressivePipelineEtna_horizonlags_gl,CatBoostAutoRegressivePipelineEtna_horizonlags_gl,CatBoostAutoRegressivePipelineEtna_horizonlags_gl,OLS
641,mipt_alpha_599,Prophet,Prophet,TFTTuningObjective_gl,BaselineMean
642,mipt_alpha_32,LightAutoML_mult_gl,LightAutoML_mult_gl,CatBoostDirectPipelineEtna_horizonlags_gl,BaselineMean
643,mipt_alpha_73,CatBoostAutoRegressivePipelineEtna_horizonlags_gl,CatBoostAutoRegressivePipelineEtna_horizonlags_gl,Prophet,OLS
644,mipt_alpha_39,TFTTuningObjective_gl,TFTTuningObjective_gl,TFTTuningObjective_gl,Prophet
645,mipt_alpha_551,LightAutoML_mult_gl,LightAutoML_mult_gl,TFTTuningObjective_gl,LightAutoML_mult_gl
646,mipt_alpha_614,CatBoostDirectPipelineEtna_horizonlags_gl,LightAutoML,CatBoostDirectPipelineEtna_horizonlags_gl,BaselineMean
647,mipt_alpha_468,LightAutoML,LightAutoML,CatBoostDirectPipelineEtna_horizonlags_gl,Prophet
648,mipt_alpha_153,LightAutoML_mult_gl,Prophet,LightAutoML_mult_gl,BaselineMean
649,mipt_alpha_396,LightAutoML,LightAutoML,LightAutoML,OLS
650,mipt_alpha_486,NeuralProphet,NeuralProphet,CatBoostDirectPipelineEtna_horizonlags,OLS
651,mipt_alpha_314,LightAutoML,LightAutoML,LSTNetTuningObjective_gl,BaselineMean
652,mipt_alpha_518,LightAutoML,LightAutoML,Prophet,BaselineMean
653,mipt_alpha_602,CatBoostAutoRegressivePipelineEtna_horizonlags_gl,CatBoostAutoRegressivePipelineEtna_horizonlags_gl,DeepARTuningObjective_gl,BaselineMean
654,mipt_alpha_573,CatBoostAutoRegressivePipelineEtna_horizonlags_gl,Prophet,CatBoostAutoRegressivePipelineEtna_horizonlags_gl,OLS
655,mipt_alpha_373,CatBoostAutoRegressivePipelineEtna_horizonlags,CatBoostAutoRegressivePipelineEtna_horizonlags,CatBoostAutoRegressivePipelineEtna_horizonlags_gl,OLS
656,mipt_alpha_567,Prophet,Prophet,LightAutoML_mult_gl,BaselineMean
657,mipt_alpha_204,CatBoostDirectPipelineEtna_horizonlags,CatBoostDirectPipelineEtna_horizonlags,LightAutoML,BaselineMean
658,mipt_alpha_139,CatBoostDirectPipelineEtna_horizonlags_gl,CatBoostDirectPipelineEtna_horizonlags_gl,DeepARTuningObjective_gl,BaselineMean
659,mipt_alpha_24,CatBoostAutoRegressivePipelineEtna_horizonlags_gl,CatBoostAutoRegressivePipelineEtna_horizonlags_gl,CatBoostAutoRegressivePipelineEtna_horizonlags_gl,Prophet
660,mipt_alpha_167,DeepARTuningObjective_gl,DeepARTuningObjective_gl,LightAutoML,BaselineMean
661,mipt_alpha_433,LightAutoML,LightAutoML,LightAutoML,Prophet
662,mipt_alpha_89,LightAutoML_mult_gl,LightAutoML_mult_gl,LightAutoML,OLS
663,mipt_alpha_298,CatBoostAutoRegressivePipelineEtna_3lags_gl,CatBoostAutoRegressivePipelineEtna_3lags_gl,LSTNetTuningObjective_gl,BaselineMean
664,mipt_alpha_291,LightAutoML,LightAutoML,NeuralProphet,Prophet
665,mipt_alpha_155,CatBoostDirectPipelineEtna_horizonlags_gl,CatBoostDirectPipelineEtna_horizonlags_gl,TFTTuningObjective_gl,BaselineMean
666,mipt_alpha_108,Prophet,Prophet,Prophet,OLS
667,mipt_alpha_363,TFTTuningObjective_gl,TFTTuningObjective_gl,NeuralProphet_gl,Prophet
668,mipt_alpha_521,Prophet,Prophet,LightAutoML,Prophet
669,mipt_alpha_539,LSTNetTuningObjective_gl,LSTNetTuningObjective_gl,LSTNetTuningObjective_gl,OLS
670,mipt_alpha_203,LightAutoML,LightAutoML,LightAutoML,Prophet
671,mipt_alpha_300,CatBoostDirectPipelineEtna_3lags,CatBoostDirectPipelineEtna_3lags,Prophet,OLS
672,mipt_alpha_502,TFTTuningObjective_gl,TFTTuningObjective_gl,TFTTuningObjective_gl,OLS
673,mipt_alpha_606,LightAutoML_mult_gl,LightAutoML_mult_gl,LightAutoML_mult_gl,BaselineMean
674,mipt_alpha_6,CatBoostAutoRegressivePipelineEtna_horizonlags_gl,CatBoostAutoRegressivePipelineEtna_horizonlags_gl,CatBoostDirectPipelineEtna_horizonlags_gl,BaselineMean
675,mipt_alpha_130,CatBoostAutoRegressivePipelineEtna_horizonlags_gl,Prophet,LightAutoML_mult_gl,OLS
676,mipt_alpha_343,CatBoostAutoRegressivePipelineEtna_horizonlags,CatBoostAutoRegressivePipelineEtna_horizonlags,CatBoostAutoRegressivePipelineEtna_horizonlags,Prophet
677,mipt_alpha_449,Prophet,Prophet,Prophet,Prophet
678,mipt_alpha_145,LightAutoML_mult_gl,LightAutoML_mult_gl,LightAutoML_mult_gl,BaselineMean
679,mipt_alpha_618,TFTTuningObjective_gl,CatBoostDirectPipelineEtna_horizonlags,TFTTuningObjective_gl,BaselineMean
680,mipt_alpha_504,LightAutoML_mult_gl,LightAutoML_mult_gl,CatBoostAutoRegressivePipelineEtna_horizonlags_gl,OLS
681,mipt_alpha_64,TFTTuningObjective_gl,TFTTuningObjective_gl,Prophet,OLS
682,mipt_alpha_232,CatBoostAutoRegressivePipelineEtna_horizonlags_gl,CatBoostAutoRegressivePipelineEtna_horizonlags_gl,CatBoostAutoRegressivePipelineEtna_horizonlags_gl,Prophet
683,mipt_alpha_143,NeuralProphet,NeuralProphet,NeuralProphet_gl,OLS
684,mipt_alpha_296,CatBoostAutoRegressivePipelineEtna_horizonlags_gl,CatBoostAutoRegressivePipelineEtna_horizonlags_gl,LSTNetTuningObjective_gl,Prophet
685,mipt_alpha_464,TFTTuningObjective_gl,TFTTuningObjective_gl,CatBoostAutoRegressivePipelineEtna_horizonlags_gl,OLS
686,mipt_alpha_246,CatBoostAutoRegressivePipelineEtna_horizonlags,CatBoostAutoRegressivePipelineEtna_horizonlags,TFTTuningObjective_gl,OLS
687,mipt_alpha_458,TFTTuningObjective_gl,CatBoostAutoRegressivePipelineEtna_horizonlags,LightAutoML_mult_gl,BaselineMean
688,mipt_alpha_395,CatBoostAutoRegressivePipelineEtna_horizonlags,CatBoostAutoRegressivePipelineEtna_horizonlags,NeuralProphet_gl,Prophet
689,mipt_alpha_523,BaselineMean,BaselineMean,DeepARTuningObjective_gl,BaselineMean
690,mipt_alpha_109,Prophet,Prophet,Prophet,BaselineMean
691,mipt_alpha_522,CatBoostDirectPipelineEtna_horizonlags,CatBoostDirectPipelineEtna_horizonlags,CatBoostDirectPipelineEtna_horizonlags,CatBoostDirectPipelineEtna_3lags
692,mipt_alpha_410,NeuralProphet,NeuralProphet,NeuralProphet,BaselineMean
693,mipt_alpha_621,LSTNetTuningObjective_gl,LSTNetTuningObjective_gl,LSTNetTuningObjective_gl,LSTNetTuningObjective_gl
694,mipt_alpha_289,CatBoostAutoRegressivePipelineEtna_horizonlags_gl,Prophet,Prophet,OLS
695,mipt_alpha_312,NeuralProphet_gl,NeuralProphet_gl,NeuralProphet_gl,OLS
696,mipt_alpha_590,LSTNetTuningObjective_gl,LSTNetTuningObjective_gl,LSTNetTuningObjective_gl,Prophet
697,mipt_alpha_572,LightAutoML_mult_gl,LightAutoML_mult_gl,LightAutoML_mult_gl,OLS
698,mipt_alpha_282,CatBoostAutoRegressivePipelineEtna_horizonlags,CatBoostAutoRegressivePipelineEtna_horizonlags,CatBoostDirectPipelineEtna_horizonlags_gl,OLS
699,mipt_alpha_445,DeepARTuningObjective_gl,DeepARTuningObjective_gl,DeepARTuningObjective_gl,BaselineMean
700,mipt_alpha_457,NeuralProphet,NeuralProphet,NeuralProphet,Prophet
701,mipt_alpha_144,DeepARTuningObjective_gl,DeepARTuningObjective_gl,TFTTuningObjective_gl,OLS
702,mipt_alpha_505,CatBoostAutoRegressivePipelineEtna_horizonlags,CatBoostAutoRegressivePipelineEtna_horizonlags,CatBoostAutoRegressivePipelineEtna_3lags_gl,CatBoostDirectPipelineEtna_3lags
703,mipt_alpha_197,TFTTuningObjective_gl,TFTTuningObjective_gl,CatBoostAutoRegressivePipelineEtna_horizonlags_gl,OLS
704,mipt_alpha_283,NeuralProphet,NeuralProphet,CatBoostDirectPipelineEtna_horizonlags,Prophet
705,mipt_alpha_151,NeuralProphet,NeuralProphet,NeuralProphet,OLS
706,mipt_alpha_356,TFTTuningObjective_gl,TFTTuningObjective_gl,TFTTuningObjective_gl,TFTTuningObjective_gl
707,mipt_alpha_20,TFTTuningObjective_gl,TFTTuningObjective_gl,CatBoostAutoRegressivePipelineEtna_horizonlags_gl,Prophet
708,mipt_alpha_269,LightAutoML_mult_gl,LightAutoML_mult_gl,CatBoostDirectPipelineEtna_horizonlags_gl,BaselineMean
709,mipt_alpha_353,TFTTuningObjective_gl,TFTTuningObjective_gl,TFTTuningObjective_gl,OLS
710,mipt_alpha_321,NeuralProphet,NeuralProphet,NeuralProphet,BaselineMean
711,mipt_alpha_641,TFTTuningObjective_gl,Prophet,TFTTuningObjective_gl,BaselineMean
712,mipt_alpha_361,LSTNetTuningObjective_gl,CatBoostDirectPipelineEtna_horizonlags,DeepARTuningObjective_gl,BaselineMean
713,mipt_alpha_302,Prophet,Prophet,CatBoostDirectPipelineEtna_horizonlags_gl,OLS
714,mipt_alpha_620,LightAutoML_mult_gl,Prophet,TFTTuningObjective_gl,OLS
715,mipt_alpha_49,LSTNetTuningObjective_gl,LSTNetTuningObjective_gl,LSTNetTuningObjective_gl,Prophet
716,mipt_alpha_115,LightAutoML,LightAutoML,LSTNetTuningObjective_gl,Prophet
717,mipt_alpha_623,LightAutoML,LightAutoML,CatBoostDirectPipelineEtna_3lags,BaselineMean
718,mipt_alpha_541,DeepARTuningObjective_gl,DeepARTuningObjective_gl,DeepARTuningObjective_gl,BaselineMean
719,mipt_alpha_44,LightAutoML,LightAutoML,LightAutoML,Prophet
720,mipt_alpha_429,TFTTuningObjective_gl,TFTTuningObjective_gl,TFTTuningObjective_gl,Prophet
721,mipt_alpha_444,CatBoostDirectPipelineEtna_horizonlags_gl,CatBoostDirectPipelineEtna_horizonlags_gl,CatBoostDirectPipelineEtna_horizonlags_gl,BaselineMean
722,mipt_alpha_481,Prophet,Prophet,Prophet,OLS
723,mipt_alpha_547,TFTTuningObjective_gl,TFTTuningObjective_gl,TFTTuningObjective_gl,OLS
724,mipt_alpha_469,CatBoostAutoRegressivePipelineEtna_horizonlags,CatBoostAutoRegressivePipelineEtna_horizonlags,Prophet,OLS
725,mipt_alpha_162,TFTTuningObjective_gl,CatBoostAutoRegressivePipelineEtna_horizonlags,Prophet,OLS
726,mipt_alpha_226,TFTTuningObjective_gl,TFTTuningObjective_gl,LightAutoML,OLS
727,mipt_alpha_501,LightAutoML_mult_gl,LightAutoML_mult_gl,CatBoostDirectPipelineEtna_horizonlags,BaselineMean
728,mipt_alpha_260,TFTTuningObjective_gl,TFTTuningObjective_gl,TFTTuningObjective_gl,OLS
729,mipt_alpha_427,LightAutoML_mult_gl,Prophet,LightAutoML_mult_gl,OLS
730,mipt_alpha_244,LightAutoML_mult_gl,LightAutoML_mult_gl,LightAutoML_mult_gl,LightAutoML_mult_gl
731,mipt_alpha_593,Prophet,Prophet,LightAutoML,BaselineMean
732,mipt_alpha_1,CatBoostAutoRegressivePipelineEtna_horizonlags,CatBoostAutoRegressivePipelineEtna_horizonlags,NeuralProphet,BaselineMean
733,mipt_alpha_77,NeuralProphet,NeuralProphet,CatBoostDirectPipelineEtna_horizonlags,BaselineMean
734,mipt_alpha_587,LightAutoML,LightAutoML,CatBoostAutoRegressivePipelineEtna_3lags_gl,LightAutoML
735,mipt_alpha_172,CatBoostAutoRegressivePipelineEtna_horizonlags_gl,CatBoostAutoRegressivePipelineEtna_horizonlags_gl,TFTTuningObjective_gl,Prophet
736,mipt_alpha_577,LightAutoML,LightAutoML,NeuralProphet,BaselineMean
737,mipt_alpha_249,NeuralProphet,NeuralProphet,Prophet,Prophet
738,mipt_alpha_338,LightAutoML,LightAutoML,OLS,CatBoostDirectPipelineEtna_3lags
739,mipt_alpha_90,CatBoostDirectPipelineEtna_horizonlags,CatBoostDirectPipelineEtna_horizonlags,CatBoostDirectPipelineEtna_horizonlags,OLS
740,mipt_alpha_97,LightAutoML,LightAutoML,LightAutoML,OLS
741,mipt_alpha_25,CatBoostDirectPipelineEtna_horizonlags_gl,CatBoostDirectPipelineEtna_horizonlags_gl,NeuralProphet,OLS
742,mipt_alpha_168,LightAutoML,LightAutoML,CatBoostAutoRegressivePipelineEtna_horizonlags_gl,Prophet
743,mipt_alpha_627,CatBoostAutoRegressivePipelineEtna_horizonlags_gl,Prophet,CatBoostDirectPipelineEtna_horizonlags_gl,OLS
744,mipt_alpha_610,LightAutoML_mult_gl,LightAutoML,LSTNetTuningObjective_gl,OLS
745,mipt_alpha_315,NeuralProphet_gl,CatBoostAutoRegressivePipelineEtna_horizonlags,Prophet,OLS
746,mipt_alpha_616,Prophet,Prophet,Prophet,Prophet
747,mipt_alpha_332,LightAutoML_mult_gl,CatBoostDirectPipelineEtna_horizonlags,LightAutoML_mult_gl,OLS
748,mipt_alpha_383,DeepARTuningObjective_gl,CatBoostDirectPipelineEtna_horizonlags,DeepARTuningObjective_gl,OLS
749,nn5_82,LightAutoML,LightAutoML,TFTTuningObjective,Prophet
750,nn5_67,TFTTuningObjective,CatBoostAutoRegressivePipelineEtna_horizonlags,TFTTuningObjective,OLS
751,nn5_108,Prophet,Prophet,Prophet,Prophet
752,nn5_101,LightAutoML,LightAutoML,LightAutoML,CatBoostDirectPipelineEtna_30lags
753,nn5_46,LightAutoML,LightAutoML,LightAutoML,Prophet
754,nn5_5,DeepARTuningObjective,DeepARTuningObjective,DeepARTuningObjective,Prophet
755,nn5_66,TFTTuningObjective,TFTTuningObjective,DeepARTuningObjective,BaselineMean
756,nn5_107,CatBoostAutoRegressivePipelineEtna_horizonlags,CatBoostAutoRegressivePipelineEtna_horizonlags,TFTTuningObjective,CatBoostAutoRegressivePipelineEtna_horizonlags
757,nn5_109,NeuralProphet,CatBoostAutoRegressivePipelineEtna_horizonlags,NeuralProphet,CatBoostAutoRegressivePipelineEtna_horizonlags
758,nn5_80,LightAutoML,LightAutoML,CatBoostAutoRegressivePipelineEtna_horizonlags,LightAutoML
759,nn5_9,LightAutoML,LightAutoML,Prophet,Prophet
760,nn5_90,TFTTuningObjective,CatBoostAutoRegressivePipelineEtna_horizonlags,DeepARTuningObjective,Prophet
761,nn5_51,LightAutoML,LightAutoML,LightAutoML,Prophet
762,nn5_97,CatBoostAutoRegressivePipelineEtna_horizonlags,CatBoostDirectPipelineEtna_horizonlags,DeepARTuningObjective,CatBoostDirectPipelineEtna_30lags
763,nn5_69,TFTTuningObjective,NeuralProphet,TFTTuningObjective,TFTTuningObjective
764,nn5_23,DeepARTuningObjective,DeepARTuningObjective,DeepARTuningObjective,Prophet
765,nn5_105,DeepARTuningObjective,LightAutoML,DeepARTuningObjective,LightAutoML
766,nn5_39,TFTTuningObjective,NeuralProphet,TFTTuningObjective,Prophet
767,nn5_20,Prophet,CatBoostAutoRegressivePipelineEtna_horizonlags,CatBoostAutoRegressivePipelineEtna_horizonlags,CatBoostAutoRegressivePipelineEtna_horizonlags
768,mipt_alpha_327,CatBoostAutoRegressivePipelineEtna_horizonlags,CatBoostAutoRegressivePipelineEtna_horizonlags,CatBoostAutoRegressivePipelineEtna_horizonlags,BaselineMean
769,nn5_19,DeepARTuningObjective,Prophet,CatBoostAutoRegressivePipelineEtna_horizonlags,Prophet
770,nn5_15,DeepARTuningObjective,Prophet,Prophet,Prophet
771,nn5_92,DeepARTuningObjective,CatBoostAutoRegressivePipelineEtna_horizonlags,CatBoostAutoRegressivePipelineEtna_horizonlags,CatBoostAutoRegressivePipelineEtna_30lags
772,nn5_11,DeepARTuningObjective,DeepARTuningObjective,DeepARTuningObjective,Prophet
773,nn5_55,CatBoostDirectPipelineEtna_3lags,CatBoostDirectPipelineEtna_3lags,CatBoostAutoRegressivePipelineEtna_horizonlags,CatBoostDirectPipelineEtna_3lags
774,mipt_alpha_649,CatBoostAutoRegressivePipelineEtna_horizonlags,CatBoostAutoRegressivePipelineEtna_horizonlags,CatBoostAutoRegressivePipelineEtna_horizonlags,BaselineMean
775,nn5_49,LightAutoML,LightAutoML,LightAutoML,CatBoostDirectPipelineEtna_30lags
776,nn5_43,Prophet,Prophet,DeepARTuningObjective,Prophet
777,nn5_63,CatBoostDirectPipelineEtna_horizonlags,CatBoostDirectPipelineEtna_horizonlags,LightAutoML,CatBoostDirectPipelineEtna_30lags
778,nn5_65,CatBoostAutoRegressivePipelineEtna_horizonlags,CatBoostAutoRegressivePipelineEtna_horizonlags,CatBoostAutoRegressivePipelineEtna_horizonlags,Prophet
779,nn5_74,LightAutoML,LightAutoML,LightAutoML,Prophet
780,nn5_40,DeepARTuningObjective,CatBoostAutoRegressivePipelineEtna_horizonlags,CatBoostAutoRegressivePipelineEtna_horizonlags,CatBoostAutoRegressivePipelineEtna_30lags
781,nn5_100,DeepARTuningObjective,DeepARTuningObjective,DeepARTuningObjective,BaselineMean
782,nn5_88,Prophet,CatBoostAutoRegressivePipelineEtna_horizonlags,Prophet,Prophet
783,nn5_22,DeepARTuningObjective,DeepARTuningObjective,DeepARTuningObjective,DeepARTuningObjective
784,nn5_32,DeepARTuningObjective,DeepARTuningObjective,DeepARTuningObjective,DeepARTuningObjective
785,nn5_45,NeuralProphet,CatBoostAutoRegressivePipelineEtna_horizonlags,NeuralProphet,Prophet
786,nn5_8,NeuralProphet,NeuralProphet,NeuralProphet,BaselineMean
787,nn5_4,TFTTuningObjective,CatBoostAutoRegressivePipelineEtna_horizonlags,TFTTuningObjective,CatBoostAutoRegressivePipelineEtna_horizonlags
788,nn5_3,DeepARTuningObjective,CatBoostAutoRegressivePipelineEtna_horizonlags,CatBoostAutoRegressivePipelineEtna_horizonlags,CatBoostAutoRegressivePipelineEtna_30lags
789,nn5_17,TFTTuningObjective,LightAutoML,LightAutoML,Prophet
790,nn5_76,TFTTuningObjective,TFTTuningObjective,TFTTuningObjective,BaselineMean
791,mipt_alpha_304,Prophet,Prophet,Prophet,OLS
792,nn5_95,Prophet,Prophet,NeuralProphet,Prophet
793,nn5_14,DeepARTuningObjective,LightAutoML,TFTTuningObjective,Prophet
794,nn5_26,Prophet,Prophet,NeuralProphet,Prophet
795,nn5_93,DeepARTuningObjective,CatBoostAutoRegressivePipelineEtna_horizonlags,DeepARTuningObjective,CatBoostAutoRegressivePipelineEtna_horizonlags
796,nn5_27,DeepARTuningObjective,CatBoostAutoRegressivePipelineEtna_horizonlags,CatBoostAutoRegressivePipelineEtna_horizonlags,Prophet
797,nn5_25,LightAutoML,LightAutoML,LightAutoML,LightAutoML
798,nn5_59,DeepARTuningObjective,CatBoostAutoRegressivePipelineEtna_horizonlags,CatBoostAutoRegressivePipelineEtna_horizonlags,CatBoostAutoRegressivePipelineEtna_30lags
799,mipt_alpha_326,CatBoostDirectPipelineEtna_3lags,CatBoostDirectPipelineEtna_3lags,CatBoostAutoRegressivePipelineEtna_horizonlags,BaselineMean
800,nn5_75,LightAutoML,LightAutoML,LightAutoML,Prophet
801,nn5_106,LightAutoML,CatBoostAutoRegressivePipelineEtna_3lags,NeuralProphet,CatBoostAutoRegressivePipelineEtna_3lags
802,nn5_99,DeepARTuningObjective,DeepARTuningObjective,DeepARTuningObjective,Prophet
803,nn5_73,DeepARTuningObjective,CatBoostAutoRegressivePipelineEtna_horizonlags,DeepARTuningObjective,Prophet
804,nn5_71,NeuralProphet,CatBoostAutoRegressivePipelineEtna_horizonlags,DeepARTuningObjective,CatBoostAutoRegressivePipelineEtna_30lags
805,nn5_96,NeuralProphet,CatBoostAutoRegressivePipelineEtna_horizonlags,NeuralProphet,BaselineMean
806,nn5_84,LightAutoML,LightAutoML,Prophet,Prophet
807,nn5_94,CatBoostAutoRegressivePipelineEtna_horizonlags,LightAutoML,LightAutoML,BaselineMean
808,nn5_54,TFTTuningObjective,CatBoostAutoRegressivePipelineEtna_horizonlags,TFTTuningObjective,CatBoostAutoRegressivePipelineEtna_30lags
809,nn5_34,DeepARTuningObjective,CatBoostAutoRegressivePipelineEtna_horizonlags,CatBoostAutoRegressivePipelineEtna_horizonlags,CatBoostAutoRegressivePipelineEtna_horizonlags
810,nn5_12,DeepARTuningObjective,DeepARTuningObjective,CatBoostAutoRegressivePipelineEtna_horizonlags,Prophet
811,nn5_78,DeepARTuningObjective,CatBoostAutoRegressivePipelineEtna_horizonlags,TFTTuningObjective,CatBoostAutoRegressivePipelineEtna_horizonlags
812,nn5_86,Prophet,Prophet,Prophet,Prophet
813,nn5_72,DeepARTuningObjective,DeepARTuningObjective,DeepARTuningObjective,CatBoostDirectPipelineEtna_3lags
814,nn5_47,DeepARTuningObjective,DeepARTuningObjective,CatBoostAutoRegressivePipelineEtna_horizonlags,DeepARTuningObjective
815,nn5_41,Prophet,Prophet,Prophet,Prophet
816,nn5_29,TFTTuningObjective,TFTTuningObjective,TFTTuningObjective,CatBoostDirectPipelineEtna_3lags
817,nn5_89,LightAutoML,CatBoostAutoRegressivePipelineEtna_horizonlags,TFTTuningObjective,CatBoostDirectPipelineEtna_3lags
818,nn5_18,LightAutoML,LightAutoML,LightAutoML,Prophet
819,nn5_70,DeepARTuningObjective,CatBoostAutoRegressivePipelineEtna_horizonlags,CatBoostAutoRegressivePipelineEtna_horizonlags,CatBoostAutoRegressivePipelineEtna_30lags
820,nn5_13,NeuralProphet,NeuralProphet,NeuralProphet,Prophet
821,nn5_104,LightAutoML,CatBoostAutoRegressivePipelineEtna_horizonlags,LightAutoML,CatBoostAutoRegressivePipelineEtna_horizonlags
822,nn5_52,DeepARTuningObjective,Prophet,LightAutoML,Prophet
823,nn5_48,DeepARTuningObjective,CatBoostAutoRegressivePipelineEtna_horizonlags,DeepARTuningObjective,CatBoostDirectPipelineEtna_3lags
824,nn5_10,LightAutoML,LightAutoML,LightAutoML,CatBoostDirectPipelineEtna_horizonlags
825,nn5_37,CatBoostAutoRegressivePipelineEtna_horizonlags,CatBoostAutoRegressivePipelineEtna_horizonlags,LightAutoML,Prophet
826,nn5_44,TFTTuningObjective,TFTTuningObjective,TFTTuningObjective,TFTTuningObjective
827,nn5_38,DeepARTuningObjective,LightAutoML,DeepARTuningObjective,Prophet
828,nn5_33,CatBoostAutoRegressivePipelineEtna_horizonlags,CatBoostAutoRegressivePipelineEtna_horizonlags,CatBoostAutoRegressivePipelineEtna_horizonlags,CatBoostAutoRegressivePipelineEtna_30lags
829,nn5_24,NeuralProphet,NeuralProphet,NeuralProphet,Prophet
830,nn5_79,TFTTuningObjective,TFTTuningObjective,TFTTuningObjective,Prophet
831,nn5_6,DeepARTuningObjective,CatBoostAutoRegressivePipelineEtna_horizonlags,CatBoostAutoRegressivePipelineEtna_horizonlags,CatBoostAutoRegressivePipelineEtna_30lags
832,nn5_110,DeepARTuningObjective,DeepARTuningObjective,DeepARTuningObjective,DeepARTuningObjective
833,nn5_28,TFTTuningObjective,CatBoostAutoRegressivePipelineEtna_horizonlags,CatBoostAutoRegressivePipelineEtna_horizonlags,Prophet
834,nn5_91,DeepARTuningObjective,DeepARTuningObjective,DeepARTuningObjective,DeepARTuningObjective
835,nn5_87,Prophet,Prophet,CatBoostAutoRegressivePipelineEtna_horizonlags,Prophet
836,nn5_56,TFTTuningObjective,TFTTuningObjective,Prophet,Prophet
837,nn5_61,NeuralProphet,NeuralProphet,CatBoostAutoRegressivePipelineEtna_horizonlags,Prophet
838,nn5_83,TFTTuningObjective,Prophet,TFTTuningObjective,OLS
839,nn5_102,Prophet,Prophet,Prophet,Prophet
840,nn5_68,DeepARTuningObjective,CatBoostAutoRegressivePipelineEtna_horizonlags,LightAutoML,CatBoostAutoRegressivePipelineEtna_30lags
841,nn5_1,TFTTuningObjective,CatBoostAutoRegressivePipelineEtna_horizonlags,DeepARTuningObjective,CatBoostAutoRegressivePipelineEtna_horizonlags
842,nn5_77,TFTTuningObjective,NeuralProphet,TFTTuningObjective,TFTTuningObjective
843,mipt_alpha_350,Prophet,Prophet,Prophet,OLS
844,nn5_60,CatBoostAutoRegressivePipelineEtna_horizonlags,CatBoostAutoRegressivePipelineEtna_horizonlags,CatBoostAutoRegressivePipelineEtna_horizonlags,CatBoostAutoRegressivePipelineEtna_horizonlags
845,nn5_30,DeepARTuningObjective,DeepARTuningObjective,DeepARTuningObjective,DeepARTuningObjective
846,nn5_42,NeuralProphet,NeuralProphet,DeepARTuningObjective,BaselineMean
847,nn5_16,NeuralProphet,NeuralProphet,LightAutoML,Prophet
848,nn5_62,TFTTuningObjective,TFTTuningObjective,DeepARTuningObjective,TFTTuningObjective
849,nn5_7,LightAutoML,LightAutoML,LightAutoML,Prophet
850,nn5_57,DeepARTuningObjective,CatBoostAutoRegressivePipelineEtna_horizonlags,DeepARTuningObjective,Prophet
851,nn5_58,TFTTuningObjective,TFTTuningObjective,CatBoostDirectPipelineEtna_horizonlags,CatBoostDirectPipelineEtna_horizonlags
852,nn5_81,LightAutoML,LightAutoML,LightAutoML,Prophet
853,nn5_0,LightAutoML,LightAutoML,LightAutoML,Prophet
854,nn5_98,DeepARTuningObjective,CatBoostAutoRegressivePipelineEtna_horizonlags,LightAutoML,CatBoostAutoRegressivePipelineEtna_30lags
855,mipt_alpha_339,LightAutoML,LightAutoML,LightAutoML,BaselineMean
856,nn5_31,Prophet,Prophet,Prophet,Prophet
857,nn5_103,Prophet,Prophet,Prophet,Prophet
858,nn5_53,Prophet,Prophet,Prophet,Prophet
859,nn5_21,Prophet,Prophet,Prophet,Prophet
860,nn5_64,CatBoostDirectPipelineEtna_horizonlags,CatBoostDirectPipelineEtna_horizonlags,CatBoostAutoRegressivePipelineEtna_horizonlags,CatBoostDirectPipelineEtna_30lags
861,nn5_36,TFTTuningObjective,TFTTuningObjective,CatBoostAutoRegressivePipelineEtna_horizonlags,OLS
862,nn5_50,LightAutoML,CatBoostAutoRegressivePipelineEtna_horizonlags,CatBoostAutoRegressivePipelineEtna_horizonlags,CatBoostAutoRegressivePipelineEtna_30lags
863,nn5_85,TFTTuningObjective,TFTTuningObjective,TFTTuningObjective,Prophet
864,mipt_alpha_324,CatBoostAutoRegressivePipelineEtna_horizonlags,CatBoostAutoRegressivePipelineEtna_horizonlags,LightAutoML,OLS
865,mipt_alpha_647,CatBoostAutoRegressivePipelineEtna_horizonlags,CatBoostAutoRegressivePipelineEtna_horizonlags,CatBoostAutoRegressivePipelineEtna_horizonlags,BaselineMean
866,nn5_35,CatBoostAutoRegressivePipelineEtna_horizonlags,CatBoostAutoRegressivePipelineEtna_horizonlags,CatBoostAutoRegressivePipelineEtna_horizonlags,Prophet
867,nn5_2,LightAutoML,LightAutoML,TFTTuningObjective,LightAutoML
868,mipt_alpha_583,CatBoostAutoRegressivePipelineEtna_3lags,CatBoostAutoRegressivePipelineEtna_3lags,BaselineMean,BaselineMean
